地區,年,週,average_humidity
臺北,2009,53,81.72222222222223
臺北,2010,1,85.77380952380952
臺北,2010,2,70.07142857142857
臺北,2010,3,76.55357142857143
臺北,2010,4,79.81547619047618
臺北,2010,5,89.45238095238096
臺北,2010,6,83.61309523809526
臺北,2010,7,89.04761904761907
臺北,2010,8,79.01785714285714
臺北,2010,9,83.05357142857143
臺北,2010,10,72.31547619047618
臺北,2010,11,76.51190476190474
臺北,2010,12,70.46428571428571
臺北,2010,13,74.4702380952381
臺北,2010,14,84.58928571428571
臺北,2010,15,81.41666666666666
臺北,2010,16,74.15476190476191
臺北,2010,17,66.30357142857142
臺北,2010,18,79.17857142857143
臺北,2010,19,82.7559523809524
臺北,2010,20,77.66666666666667
臺北,2010,21,75.4702380952381
臺北,2010,22,83.64285714285714
臺北,2010,23,85.85714285714286
臺北,2010,24,80.5
臺北,2010,25,84.23214285714286
臺北,2010,26,74.94642857142857
臺北,2010,27,66.44047619047619
臺北,2010,28,71.24404761904762
臺北,2010,29,70.625
臺北,2010,30,75.11309523809523
臺北,2010,31,73.43452380952381
臺北,2010,32,77.31547619047618
臺北,2010,33,71.35119047619048
臺北,2010,34,68.53571428571429
臺北,2010,35,77.55357142857143
臺北,2010,36,73.41071428571429
臺北,2010,37,73.67857142857143
臺北,2010,38,73.93452380952381
臺北,2010,39,76.61309523809523
臺北,2010,40,75.47619047619047
臺北,2010,41,80.46428571428571
臺北,2010,42,85.34523809523809
臺北,2010,43,77.82142857142857
臺北,2010,44,77.74404761904762
臺北,2010,45,67.9047619047619
臺北,2010,46,87.125
臺北,2010,47,71.70238095238095
臺北,2010,48,74.35119047619048
臺北,2010,49,66.65476190476191
臺北,2010,50,75.3452380952381
臺北,2010,51,73.66071428571429
臺北,2010,52,63.256944444444436
臺北,2011,1,82.95833333333334
臺北,2011,2,83.67857142857143
臺北,2011,3,80.59523809523809
臺北,2011,4,82.72023809523809
臺北,2011,5,76.85119047619047
臺北,2011,6,74.4047619047619
臺北,2011,7,86.24404761904762
臺北,2011,8,75.08333333333333
臺北,2011,9,80.01190476190474
臺北,2011,10,78.31547619047618
臺北,2011,11,68.83333333333334
臺北,2011,12,79.44047619047619
臺北,2011,13,65.92857142857143
臺北,2011,14,77.26785714285715
臺北,2011,15,77.2906314699793
臺北,2011,16,60.75850340136054
臺北,2011,17,68.95238095238095
臺北,2011,18,84.88690476190477
臺北,2011,19,79.47619047619047
臺北,2011,20,80.70833333333333
臺北,2011,21,83.92857142857143
臺北,2011,22,77.57738095238096
臺北,2011,23,74.45833333333334
臺北,2011,24,72.39285714285714
臺北,2011,25,71.72023809523809
臺北,2011,26,78.32738095238096
臺北,2011,27,73.03571428571429
臺北,2011,28,79.42261904761904
臺北,2011,29,71.80952380952381
臺北,2011,30,69.11904761904762
臺北,2011,31,70.96428571428571
臺北,2011,32,80.28571428571429
臺北,2011,33,70.9940476190476
臺北,2011,34,74.83928571428571
臺北,2011,35,75.73214285714286
臺北,2011,36,68.85119047619047
臺北,2011,37,75.42261904761904
臺北,2011,38,70.11904761904763
臺北,2011,39,77.8690476190476
臺北,2011,40,83.50000000000001
臺北,2011,41,78.22023809523809
臺北,2011,42,74.58333333333336
臺北,2011,43,76.76785714285714
臺北,2011,44,79.43452380952382
臺北,2011,45,90.9787784679089
臺北,2011,46,82.125
臺北,2011,47,66.48809523809524
臺北,2011,48,76.88690476190477
臺北,2011,49,84.98809523809526
臺北,2011,50,82.54761904761905
臺北,2011,51,79.6547619047619
臺北,2011,52,80.11111111111111
臺北,2012,1,85.45579710144928
臺北,2012,2,83.32142857142857
臺北,2012,3,81.79761904761905
臺北,2012,4,87.33928571428571
臺北,2012,5,85.64880952380952
臺北,2012,6,84.42261904761905
臺北,2012,7,82.48964803312629
臺北,2012,8,86.28347920195746
臺北,2012,9,89.35688405797103
臺北,2012,10,86.28571428571426
臺北,2012,11,90.42261904761904
臺北,2012,12,76.03571428571429
臺北,2012,13,56.19642857142857
臺北,2012,14,72.12500000000001
臺北,2012,15,82.66071428571429
臺北,2012,16,86.95238095238095
臺北,2012,17,84.55357142857143
臺北,2012,18,74.27976190476191
臺北,2012,19,76.14880952380952
臺北,2012,20,82.52380952380953
臺北,2012,21,76.8452380952381
臺北,2012,22,86.76785714285714
臺北,2012,23,79.42857142857143
臺北,2012,24,87.98214285714286
臺北,2012,25,89.01785714285714
臺北,2012,26,78.7559523809524
臺北,2012,27,73.22619047619048
臺北,2012,28,65.13095238095238
臺北,2012,29,68.72619047619047
臺北,2012,30,68.27380952380953
臺北,2012,31,83.02976190476191
臺北,2012,32,74.69642857142857
臺北,2012,33,72.26785714285714
臺北,2012,34,73.92261904761904
臺北,2012,35,74.42261904761904
臺北,2012,36,66.60119047619048
臺北,2012,37,72.01785714285714
臺北,2012,38,73.70238095238095
臺北,2012,39,71.38095238095238
臺北,2012,40,67.17261904761905
臺北,2012,41,66.58928571428571
臺北,2012,42,63.52380952380952
臺北,2012,43,72.64880952380952
臺北,2012,44,74.47023809523809
臺北,2012,45,67.94047619047619
臺北,2012,46,72.14880952380953
臺北,2012,47,81.96868530020704
臺北,2012,48,89.86904761904763
臺北,2012,49,76.74404761904762
臺北,2012,50,80.76190476190477
臺北,2012,51,77.04166666666667
臺北,2012,52,71.60119047619048
臺北,2013,1,86.45048309178743
臺北,2013,2,86.77277432712215
臺北,2013,3,65.94047619047619
臺北,2013,4,74.14880952380952
臺北,2013,5,71.51388888888889
臺北,2013,6,81.54166666666666
臺北,2013,7,80.39285714285714
臺北,2013,8,79.277950310559
臺北,2013,9,77.13888888888889
臺北,2013,10,60.625
臺北,2013,11,76.51190476190474
臺北,2013,12,78.8555900621118
臺北,2013,13,82.43750000000001
臺北,2013,14,80.55434782608695
臺北,2013,15,78.72023809523809
臺北,2013,16,78.35274327122154
臺北,2013,17,78.44642857142857
臺北,2013,18,71.2175925925926
臺北,2013,19,80.64285714285714
臺北,2013,20,85.28312629399586
臺北,2013,21,81.45988612836439
臺北,2013,22,70.61111111111111
臺北,2013,23,76.7603519668737
臺北,2013,24,80.57738095238095
臺北,2013,25,72.42261904761905
臺北,2013,26,66.9855072463768
臺北,2013,27,73.89285714285714
臺北,2013,28,72.03571428571429
臺北,2013,29,67.26309523809523
臺北,2013,30,69.64880952380953
臺北,2013,31,64.53623188405798
臺北,2013,32,65.82142857142857
臺北,2013,33,70.76086956521739
臺北,2013,34,83.81547619047618
臺北,2013,35,77.72222222222221
臺北,2013,36,68.39880952380953
臺北,2013,37,69.60119047619047
臺北,2013,38,77.35119047619047
臺北,2013,39,72.70833333333333
臺北,2013,40,76.31249999999999
臺北,2013,41,77.95833333333334
臺北,2013,42,70.58928571428571
臺北,2013,43,67.77976190476191
臺北,2013,44,76.14583333333333
臺北,2013,45,78.36309523809523
臺北,2013,46,80.41666666666666
臺北,2013,47,63.79761904761905
臺北,2013,48,63.99305555555555
臺北,2013,49,66.51785714285714
臺北,2013,50,76.88690476190477
臺北,2013,51,84.47619047619048
臺北,2013,52,80.04761904761905
臺北,2014,1,69.1875
臺北,2014,2,71.63690476190476
臺北,2014,3,63.136904761904766
臺北,2014,4,57.91071428571428
臺北,2014,5,63.78472222222222
臺北,2014,6,86.19642857142857
臺北,2014,7,84.48214285714288
臺北,2014,8,72.85119047619048
臺北,2014,9,77.21527777777779
臺北,2014,10,89.32142857142856
臺北,2014,11,68.35119047619047
臺北,2014,12,68.81547619047619
臺北,2014,13,70.18452380952381
臺北,2014,14,74.8070652173913
臺北,2014,15,76.79166666666667
臺北,2014,16,72.32738095238095
臺北,2014,17,85.22619047619047
臺北,2014,18,75.39583333333333
臺北,2014,19,83.89285714285715
臺北,2014,20,78.97619047619048
臺北,2014,21,86.39285714285714
臺北,2014,22,85.05555555555554
臺北,2014,23,84.16071428571429
臺北,2014,24,82.03571428571429
臺北,2014,25,81.33928571428571
臺北,2014,26,82.22619047619047
臺北,2014,27,71.45833333333333
臺北,2014,28,74.5
臺北,2014,29,67.6309523809524
臺北,2014,30,75.32142857142857
臺北,2014,31,70.8611111111111
臺北,2014,32,74.01190476190477
臺北,2014,33,74.74404761904762
臺北,2014,34,73.39880952380952
臺北,2014,35,65.91666666666667
臺北,2014,36,68.79761904761905
臺北,2014,37,72.50595238095238
臺北,2014,38,65.89880952380953
臺北,2014,39,79.69642857142856
臺北,2014,40,70.27083333333333
臺北,2014,41,72.51785714285714
臺北,2014,42,65.94642857142857
臺北,2014,43,72.02976190476191
臺北,2014,44,70.14583333333333
臺北,2014,45,68.88095238095238
臺北,2014,46,79.78571428571429
臺北,2014,47,74.00595238095238
臺北,2014,48,79.33333333333334
臺北,2014,49,66.41666666666666
臺北,2014,50,75.50595238095238
臺北,2014,51,66.66666666666666
臺北,2014,52,71.42857142857143
臺北,2015,1,61.79166666666668
臺北,2015,2,66.92261904761904
臺北,2015,3,67.86309523809523
臺北,2015,4,63.517857142857146
臺北,2015,5,81.62215320910973
臺北,2015,6,78.35144927536233
臺北,2015,7,63.01112836438924
臺北,2015,8,73.07142857142858
臺北,2015,9,86.05486542443064
臺北,2015,10,83.85714285714286
臺北,2015,11,82.82116977225674
臺北,2015,12,80.35119047619047
臺北,2015,13,81.58333333333336
臺北,2015,14,74.51112836438924
臺北,2015,15,85.66071428571429
臺北,2015,16,68.37629399585923
臺北,2015,17,74.95238095238095
臺北,2015,18,76.79166666666666
臺北,2015,19,84.58850931677019
臺北,2015,20,77.57978072651986
臺北,2015,21,82.94642857142857
臺北,2015,22,79.73447204968943
臺北,2015,23,79.45238095238095
臺北,2015,24,72.37267080745342
臺北,2015,25,73.81961697722568
臺北,2015,26,73.31547619047618
臺北,2015,27,68.12111801242234
臺北,2015,28,70.9319358178054
臺北,2015,29,69.06754658385094
臺北,2015,30,73.16071428571429
臺北,2015,31,70.11335403726709
臺北,2015,32,73.90993788819875
臺北,2015,33,76.125
臺北,2015,34,77.08954451345755
臺北,2015,35,86.62045252883763
臺北,2015,36,79.45238095238095
臺北,2015,37,71.52976190476191
臺北,2015,38,74.94254658385093
臺北,2015,39,77.89415113871635
臺北,2015,40,78.11454216073781
臺北,2015,41,77.8513316393751
臺北,2015,42,67.55460662525878
臺北,2015,43,82.46428571428571
臺北,2015,44,77.70082815734989
臺北,2015,45,78.85714285714286
臺北,2015,46,81.078933747412
臺北,2015,47,76.57738095238096
臺北,2015,48,69.13492063492063
臺北,2015,49,77.77717391304348
臺北,2015,50,81.66666666666666
臺北,2015,51,69.35809178743962
臺北,2015,52,83.78023244871072
臺北,2015,53,80.57738095238096
臺北,2016,1,84.68452380952381
臺北,2016,2,87.86904761904762
臺北,2016,3,82.37241200828159
臺北,2016,4,77.32142857142857
臺北,2016,5,76.70833333333333
臺北,2016,6,69.22877846790891
臺北,2016,7,77.03095238095239
臺北,2016,8,86.11309523809523
臺北,2016,9,66.07142857142858
臺北,2016,10,88.82484001505743
臺北,2016,11,92.93478260869564
臺北,2016,12,89.57738095238095
臺北,2016,13,69.86904761904762
臺北,2016,14,81.92261904761905
臺北,2016,15,87.04761904761905
臺北,2016,16,79.39285714285714
臺北,2016,17,78.44642857142857
臺北,2016,18,75.75879917184264
臺北,2016,19,74.33203933747413
臺北,2016,20,80.35531135531134
臺北,2016,21,81.29880952380951
臺北,2016,22,73.45238095238096
臺北,2016,23,78.33928571428571
臺北,2016,24,76.3495670995671
臺北,2016,25,73.26781400966183
臺北,2016,26,74.06882753101242
臺北,2016,27,75.04684265010351
臺北,2016,28,73.76666666666668
臺北,2016,29,71.0300925925926
臺北,2016,30,64.97254004576659
臺北,2016,31,70.10548654244306
臺北,2016,32,72.80615942028986
臺北,2016,33,68.47489648033127
臺北,2016,34,68.80353445726118
臺北,2016,35,66.4659090909091
臺北,2016,36,81.39596273291924
臺北,2016,37,78.37585034013605
臺北,2016,38,76.16847826086955
臺北,2016,39,74.2391774891775
臺北,2016,40,77.88768115942028
臺北,2016,41,83.72826086956522
臺北,2016,42,75.90734989648034
臺北,2016,43,76.49270186335404
臺北,2016,44,76.04166666666667
臺北,2016,45,73.35119047619048
臺北,2016,46,74.85847382431234
臺北,2016,47,82.78002070393374
臺北,2016,48,75.42261904761904
臺北,2016,49,73.07862235803414
臺北,2016,50,65.73494397759103
臺北,2016,51,68.9047619047619
臺北,2016,52,71.80714285714285
臺北,2017,1,78.95833333333334
臺北,2017,2,77.09686147186146
臺北,2017,3,72.56521739130434
臺北,2017,4,71.19852941176471
臺北,2017,5,76.43026538678713
臺北,2017,6,61.726713762428055
臺北,2017,7,60.7478354978355
臺北,2017,8,83.80357142857143
臺北,2017,9,70.54710144927537
臺北,2017,10,74.4753787878788
臺北,2017,11,82.64880952380952
臺北,2017,12,80.12805991962001
臺北,2017,13,64.26190476190477
臺北,2017,14,65.16666666666667
臺北,2017,15,77.06081780538302
臺北,2017,16,76.54761904761904
臺北,2017,17,69.16071428571429
臺北,2017,18,73.60119047619048
臺北,2017,19,76.0297619047619
臺北,2017,20,77.64880952380952
臺北,2017,21,76.94047619047619
臺北,2017,22,81.49404761904762
臺北,2017,23,78.4047619047619
臺北,2017,24,89.6577380952381
臺北,2017,25,70.9453933747412
臺北,2017,26,71.62500000000001
臺北,2017,27,74.17261904761905
臺北,2017,28,68.62603519668735
臺北,2017,29,63.523809523809526
臺北,2017,30,70.49404761904762
臺北,2017,31,71.74004329004329
臺北,2017,32,63.74042443064182
臺北,2017,33,65.95426065162908
臺北,2017,34,68.85119047619047
臺北,2017,35,78.14285714285714
臺北,2017,36,74.7797619047619
臺北,2017,37,70.73214285714285
臺北,2017,38,66.99948240165632
臺北,2017,39,68.59523809523809
臺北,2017,40,77.8690476190476
臺北,2017,41,80.80408902691511
臺北,2017,42,78.38017598343686
臺北,2017,43,69.65139751552796
臺北,2017,44,76.86904761904762
臺北,2017,45,79.0952380952381
臺北,2017,46,82.24378881987579
臺北,2017,47,83.83116883116882
臺北,2017,48,80.58928571428571
臺北,2017,49,74.51190476190479
臺北,2017,50,77.55615942028986
臺北,2017,51,68.7559523809524
臺北,2017,52,71.29761904761905
新北,2009,53,79.04166666666667
新北,2010,1,80.92261904761905
新北,2010,2,70.11309523809523
新北,2010,3,75.32738095238096
新北,2010,4,78.23809523809526
新北,2010,5,84.11309523809526
新北,2010,6,80.48214285714286
新北,2010,7,86.03571428571429
新北,2010,8,78.14285714285714
新北,2010,9,79.19642857142857
新北,2010,10,74.91666666666667
新北,2010,11,75.57738095238096
新北,2010,12,70.2797619047619
新北,2010,13,72.63690476190476
新北,2010,14,81.58928571428571
新北,2010,15,78.21428571428571
新北,2010,16,75.58928571428571
新北,2010,17,68.71428571428571
新北,2010,18,77.26190476190474
新北,2010,19,80.67857142857143
新北,2010,20,75.67261904761904
新北,2010,21,73.98809523809523
新北,2010,22,78.54166666666666
新北,2010,23,81.18452380952382
新北,2010,24,78.66071428571429
新北,2010,25,80.0
新北,2010,26,74.45833333333333
新北,2010,27,67.67261904761905
新北,2010,28,72.54761904761905
新北,2010,29,71.89285714285714
新北,2010,30,75.07142857142857
新北,2010,31,70.36904761904762
新北,2010,32,73.6547619047619
新北,2010,33,70.42261904761905
新北,2010,34,70.88690476190476
新北,2010,35,76.83928571428571
新北,2010,36,72.66666666666667
新北,2010,37,72.79761904761905
新北,2010,38,71.97619047619048
新北,2010,39,71.64880952380953
新北,2010,40,72.69047619047619
新北,2010,41,76.1309523809524
新北,2010,42,82.52380952380953
新北,2010,43,76.3452380952381
新北,2010,44,74.85714285714286
新北,2010,45,67.86309523809523
新北,2010,46,81.23809523809523
新北,2010,47,72.11904761904762
新北,2010,48,72.54761904761905
新北,2010,49,68.56547619047619
新北,2010,50,76.80952380952381
新北,2010,51,74.10714285714286
新北,2010,52,66.52777777777779
新北,2011,1,82.42261904761905
新北,2011,2,84.48214285714286
新北,2011,3,80.54166666666667
新北,2011,4,82.3452380952381
新北,2011,5,76.5952380952381
新北,2011,6,76.55952380952381
新北,2011,7,83.95833333333334
新北,2011,8,76.43452380952382
新北,2011,9,77.63095238095238
新北,2011,10,77.1547619047619
新北,2011,11,70.86904761904762
新北,2011,12,77.17261904761905
新北,2011,13,68.45238095238095
新北,2011,14,76.02380952380953
新北,2011,15,75.6309523809524
新北,2011,16,63.81547619047619
新北,2011,17,70.26785714285714
新北,2011,18,79.54166666666666
新北,2011,19,76.00595238095238
新北,2011,20,77.7797619047619
新北,2011,21,79.30357142857143
新北,2011,22,75.50595238095238
新北,2011,23,73.58333333333334
新北,2011,24,71.87500000000001
新北,2011,25,71.46428571428572
新北,2011,26,76.35119047619048
新北,2011,27,70.32142857142857
新北,2011,28,76.16071428571429
新北,2011,29,70.46428571428571
新北,2011,30,70.17261904761905
新北,2011,31,67.82738095238095
新北,2011,32,74.48214285714286
新北,2011,33,68.73214285714286
新北,2011,34,68.36904761904762
新北,2011,35,71.01190476190476
新北,2011,36,63.755952380952365
新北,2011,37,67.84523809523809
新北,2011,38,65.07738095238095
新北,2011,39,70.16071428571429
新北,2011,40,73.05357142857142
新北,2011,41,71.35119047619047
新北,2011,42,71.05357142857143
新北,2011,43,73.23809523809526
新北,2011,44,78.25595238095238
新北,2011,45,87.38095238095238
新北,2011,46,80.54166666666666
新北,2011,47,64.88690476190477
新北,2011,48,74.29166666666667
新北,2011,49,82.41071428571429
新北,2011,50,79.94047619047619
新北,2011,51,78.83333333333333
新北,2011,52,76.77083333333333
新北,2012,1,82.76190476190474
新北,2012,2,79.54166666666667
新北,2012,3,78.33928571428571
新北,2012,4,83.44642857142857
新北,2012,5,80.73214285714286
新北,2012,6,80.76785714285714
新北,2012,7,78.30357142857143
新北,2012,8,79.80952380952382
新北,2012,9,80.92261904761905
新北,2012,10,80.85714285714286
新北,2012,11,82.33928571428571
新北,2012,12,71.54761904761905
新北,2012,13,53.47023809523811
新北,2012,14,65.37500000000001
新北,2012,15,75.97619047619048
新北,2012,16,78.57142857142857
新北,2012,17,78.63095238095238
新北,2012,18,67.07142857142857
新北,2012,19,70.49404761904762
新北,2012,20,74.34523809523809
新北,2012,21,69.45833333333333
新北,2012,22,78.39285714285714
新北,2012,23,72.78571428571429
新北,2012,24,80.29761904761904
新北,2012,25,80.63690476190477
新北,2012,26,70.57738095238095
新北,2012,27,68.13690476190474
新北,2012,28,64.30357142857142
新北,2012,29,66.48214285714286
新北,2012,30,64.05952380952382
新北,2012,31,79.54166666666666
新北,2012,32,71.03571428571429
新北,2012,33,70.87499999999999
新北,2012,34,69.42857142857142
新北,2012,35,74.05357142857143
新北,2012,36,65.97619047619048
新北,2012,37,72.69047619047619
新北,2012,38,69.98214285714285
新北,2012,39,67.70833333333334
新北,2012,40,63.19642857142857
新北,2012,41,65.29166666666667
新北,2012,42,62.767857142857146
新北,2012,43,68.19642857142858
新北,2012,44,71.79761904761905
新北,2012,45,66.86904761904762
新北,2012,46,70.26190476190476
新北,2012,47,79.81547619047619
新北,2012,48,87.52380952380953
新北,2012,49,76.6190476190476
新北,2012,50,76.99404761904762
新北,2012,51,74.30952380952382
新北,2012,52,68.69047619047619
新北,2013,1,79.26785714285714
新北,2013,2,81.92857142857143
新北,2013,3,65.11309523809524
新北,2013,4,70.57738095238095
新北,2013,5,68.16666666666667
新北,2013,6,76.88690476190474
新北,2013,7,75.85119047619047
新北,2013,8,75.875
新北,2013,9,74.16666666666666
新北,2013,10,58.58333333333335
新北,2013,11,72.32142857142857
新北,2013,12,74.2440476190476
新北,2013,13,78.90476190476191
新北,2013,14,77.74404761904762
新北,2013,15,76.375
新北,2013,16,75.72619047619047
新北,2013,17,74.32142857142857
新北,2013,18,66.87499999999999
新北,2013,19,78.68452380952382
新北,2013,20,79.60119047619047
新北,2013,21,74.80357142857143
新北,2013,22,66.48809523809524
新北,2013,23,71.04166666666667
新北,2013,24,76.44642857142856
新北,2013,25,70.13095238095238
新北,2013,26,66.14285714285714
新北,2013,27,70.35119047619048
新北,2013,28,71.51785714285714
新北,2013,29,66.23214285714286
新北,2013,30,70.48809523809524
新北,2013,31,65.45238095238095
新北,2013,32,64.28571428571429
新北,2013,33,68.25595238095238
新北,2013,34,79.54761904761904
新北,2013,35,74.06547619047619
新北,2013,36,63.4345238095238
新北,2013,37,63.80952380952381
新北,2013,38,71.4702380952381
新北,2013,39,65.375
新北,2013,40,75.05357142857143
新北,2013,41,72.94642857142858
新北,2013,42,64.16666666666666
新北,2013,43,63.5
新北,2013,44,70.26785714285714
新北,2013,45,71.83333333333334
新北,2013,46,72.85119047619048
新北,2013,47,60.0
新北,2013,48,63.10119047619047
新北,2013,49,61.67857142857143
新北,2013,50,72.60119047619047
新北,2013,51,80.56547619047619
新北,2013,52,77.72023809523809
新北,2014,1,64.97023809523809
新北,2014,2,69.88095238095238
新北,2014,3,63.65476190476191
新北,2014,4,57.90476190476191
新北,2014,5,62.720238095238095
新北,2014,6,79.07738095238096
新北,2014,7,84.70238095238095
新北,2014,8,68.91071428571426
新北,2014,9,71.33928571428572
新北,2014,10,84.50595238095238
新北,2014,11,70.48214285714285
新北,2014,12,66.34523809523809
新北,2014,13,66.15476190476191
新北,2014,14,69.07142857142857
新北,2014,15,74.72619047619047
新北,2014,16,71.95833333333334
新北,2014,17,81.28571428571429
新北,2014,18,73.0
新北,2014,19,81.29761904761905
新北,2014,20,75.66666666666666
新北,2014,21,82.8452380952381
新北,2014,22,80.29761904761904
新北,2014,23,79.02380952380953
新北,2014,24,77.69642857142857
新北,2014,25,77.18452380952381
新北,2014,26,78.11309523809526
新北,2014,27,73.8809523809524
新北,2014,28,72.27380952380952
新北,2014,29,69.86309523809523
新北,2014,30,74.29761904761905
新北,2014,31,71.32738095238095
新北,2014,32,75.69642857142857
新北,2014,33,75.96428571428571
新北,2014,34,75.64880952380952
新北,2014,35,70.73809523809524
新北,2014,36,67.30952380952381
新北,2014,37,71.22023809523809
新北,2014,38,64.41071428571429
新北,2014,39,72.05952380952381
新北,2014,40,68.35119047619047
新北,2014,41,73.70833333333333
新北,2014,42,61.91071428571429
新北,2014,43,70.10714285714286
新北,2014,44,67.30357142857142
新北,2014,45,65.52380952380952
新北,2014,46,74.27380952380952
新北,2014,47,72.01190476190477
新北,2014,48,75.4642857142857
新北,2014,49,66.375
新北,2014,50,75.63690476190474
新北,2014,51,67.41071428571429
新北,2014,52,70.45238095238095
新北,2015,1,62.79166666666667
新北,2015,2,66.20833333333333
新北,2015,3,65.23214285714286
新北,2015,4,64.33333333333333
新北,2015,5,76.69047619047619
新北,2015,6,76.67261904761904
新北,2015,7,62.773809523809526
新北,2015,8,70.05357142857143
新北,2015,9,79.92857142857143
新北,2015,10,78.99404761904762
新北,2015,11,77.33928571428571
新北,2015,12,74.29166666666666
新北,2015,13,77.26785714285714
新北,2015,14,73.17261904761905
新北,2015,15,81.9047619047619
新北,2015,16,69.80952380952381
新北,2015,17,71.35119047619048
新北,2015,18,72.22619047619047
新北,2015,19,80.23809523809523
新北,2015,20,71.92857142857143
新北,2015,21,78.21428571428571
新北,2015,22,75.05357142857144
新北,2015,23,74.2202380952381
新北,2015,24,69.31547619047619
新北,2015,25,70.20833333333334
新北,2015,26,72.78571428571429
新北,2015,27,67.03571428571428
新北,2015,28,68.8511904761905
新北,2015,29,67.55952380952382
新北,2015,30,70.95833333333333
新北,2015,31,70.51785714285714
新北,2015,32,70.33928571428571
新北,2015,33,71.55357142857142
新北,2015,34,70.18452380952381
新北,2015,35,79.71428571428571
新北,2015,36,76.33333333333334
新北,2015,37,64.62499999999999
新北,2015,38,65.94642857142857
新北,2015,39,71.04761904761905
新北,2015,40,74.69642857142857
新北,2015,41,70.49404761904762
新北,2015,42,62.52380952380952
新北,2015,43,74.65476190476191
新北,2015,44,71.01785714285714
新北,2015,45,72.95238095238095
新北,2015,46,73.40476190476191
新北,2015,47,69.63690476190474
新北,2015,48,65.9702380952381
新北,2015,49,71.17261904761905
新北,2015,50,73.30357142857143
新北,2015,51,65.85714285714286
新北,2015,52,76.20833333333334
新北,2015,53,73.1547619047619
新北,2016,1,76.17261904761905
新北,2016,2,81.9702380952381
新北,2016,3,82.70833333333334
新北,2016,4,77.61309523809526
新北,2016,5,80.26190476190477
新北,2016,6,72.36309523809523
新北,2016,7,75.21428571428571
新北,2016,8,81.86309523809526
新北,2016,9,65.14880952380953
新北,2016,10,83.80952380952382
新北,2016,11,84.99404761904762
新北,2016,12,78.27380952380953
新北,2016,13,68.82738095238095
新北,2016,14,75.59523809523809
新北,2016,15,81.06547619047618
新北,2016,16,73.60119047619048
新北,2016,17,71.18452380952381
新北,2016,18,70.30357142857142
新北,2016,19,69.15476190476191
新北,2016,20,72.92261904761905
新北,2016,21,74.17261904761904
新北,2016,22,68.79761904761905
新北,2016,23,75.13690476190474
新北,2016,24,71.91666666666667
新北,2016,25,67.52976190476191
新北,2016,26,72.85119047619048
新北,2016,27,68.33928571428571
新北,2016,28,67.77380952380953
新北,2016,29,68.63690476190476
新北,2016,30,61.613095238095234
新北,2016,31,65.02380952380952
新北,2016,32,68.82738095238095
新北,2016,33,72.36309523809523
新北,2016,34,68.78571428571429
新北,2016,35,65.14285714285714
新北,2016,36,76.30952380952381
新北,2016,37,77.39880952380952
新北,2016,38,69.74404761904762
新北,2016,39,71.50595238095238
新北,2016,40,72.74404761904762
新北,2016,41,78.61309523809523
新北,2016,42,67.82142857142857
新北,2016,43,72.44047619047619
新北,2016,44,69.17261904761905
新北,2016,45,70.31547619047619
新北,2016,46,70.1904761904762
新北,2016,47,80.33928571428571
新北,2016,48,75.19642857142857
新北,2016,49,73.81547619047619
新北,2016,50,69.4702380952381
新北,2016,51,68.05952380952381
新北,2016,52,69.58928571428572
新北,2017,1,73.68452380952382
新北,2017,2,73.38690476190477
新北,2017,3,73.41666666666667
新北,2017,4,69.79761904761905
新北,2017,5,72.95833333333333
新北,2017,6,60.07142857142857
新北,2017,7,59.95238095238095
新北,2017,8,79.92261904761905
新北,2017,9,68.13690476190476
新北,2017,10,74.77380952380952
新北,2017,11,76.08928571428571
新北,2017,12,73.36904761904762
新北,2017,13,60.93452380952382
新北,2017,14,61.86904761904761
新北,2017,15,71.95238095238095
新北,2017,16,74.85119047619047
新北,2017,17,72.41666666666667
新北,2017,18,73.79166666666667
新北,2017,19,75.07738095238095
新北,2017,20,76.07142857142857
新北,2017,21,75.79761904761905
新北,2017,22,80.96428571428571
新北,2017,23,76.33928571428571
新北,2017,24,87.64285714285714
新北,2017,25,74.81547619047619
新北,2017,26,76.11309523809523
新北,2017,27,78.10119047619048
新北,2017,28,73.875
新北,2017,29,64.78571428571429
新北,2017,30,69.94047619047619
新北,2017,31,73.41071428571429
新北,2017,32,66.20833333333333
新北,2017,33,68.14285714285714
新北,2017,34,68.56547619047619
新北,2017,35,73.125
新北,2017,36,75.16666666666667
新北,2017,37,70.16071428571428
新北,2017,38,67.97619047619048
新北,2017,39,68.80357142857142
新北,2017,40,75.95238095238095
新北,2017,41,78.52380952380953
新北,2017,42,75.32738095238095
新北,2017,43,68.11904761904762
新北,2017,44,74.0
新北,2017,45,75.30952380952381
新北,2017,46,78.38690476190474
新北,2017,47,82.19642857142857
新北,2017,48,78.13888888888889
新北,2017,49,76.64285714285714
新北,2017,50,77.24404761904762
新北,2017,51,73.5952380952381
新北,2017,52,70.43452380952381
臺中,2009,53,79.375
臺中,2010,1,80.80952380952381
臺中,2010,2,69.69642857142857
臺中,2010,3,73.26190476190477
臺中,2010,4,76.07142857142857
臺中,2010,5,80.26785714285714
臺中,2010,6,77.43452380952381
臺中,2010,7,86.05952380952381
臺中,2010,8,76.64285714285714
臺中,2010,9,75.80952380952381
臺中,2010,10,71.55357142857143
臺中,2010,11,74.73809523809526
臺中,2010,12,68.5952380952381
臺中,2010,13,71.73214285714286
臺中,2010,14,80.61309523809523
臺中,2010,15,76.30357142857143
臺中,2010,16,76.64285714285714
臺中,2010,17,76.28571428571429
臺中,2010,18,75.85714285714286
臺中,2010,19,76.97619047619047
臺中,2010,20,71.85714285714286
臺中,2010,21,75.26785714285714
臺中,2010,22,75.04761904761904
臺中,2010,23,80.13690476190474
臺中,2010,24,74.1488095238095
臺中,2010,25,80.25595238095238
臺中,2010,26,73.52976190476191
臺中,2010,27,68.42857142857143
臺中,2010,28,74.22023809523809
臺中,2010,29,77.72619047619048
臺中,2010,30,80.95833333333333
臺中,2010,31,75.20833333333334
臺中,2010,32,75.65476190476191
臺中,2010,33,75.6190476190476
臺中,2010,34,79.95238095238096
臺中,2010,35,80.82142857142857
臺中,2010,36,79.65476190476191
臺中,2010,37,75.26785714285714
臺中,2010,38,75.86309523809523
臺中,2010,39,75.9940476190476
臺中,2010,40,71.67857142857143
臺中,2010,41,74.54166666666666
臺中,2010,42,73.47023809523809
臺中,2010,43,64.74404761904762
臺中,2010,44,73.45833333333333
臺中,2010,45,69.125
臺中,2010,46,73.05952380952382
臺中,2010,47,67.36309523809524
臺中,2010,48,69.95833333333334
臺中,2010,49,62.363095238095234
臺中,2010,50,74.32142857142857
臺中,2010,51,69.60714285714286
臺中,2010,52,60.88888888888889
臺中,2011,1,74.10119047619047
臺中,2011,2,78.98809523809526
臺中,2011,3,75.51190476190474
臺中,2011,4,73.78571428571429
臺中,2011,5,71.69642857142857
臺中,2011,6,68.61309523809523
臺中,2011,7,80.42261904761904
臺中,2011,8,74.98809523809523
臺中,2011,9,70.99404761904762
臺中,2011,10,72.05357142857143
臺中,2011,11,67.41666666666667
臺中,2011,12,70.92857142857143
臺中,2011,13,65.13690476190476
臺中,2011,14,67.86309523809523
臺中,2011,15,66.42857142857142
臺中,2011,16,55.72023809523811
臺中,2011,17,66.57142857142857
臺中,2011,18,74.34523809523809
臺中,2011,19,71.02380952380953
臺中,2011,20,77.47023809523809
臺中,2011,21,74.16071428571429
臺中,2011,22,70.20833333333334
臺中,2011,23,65.67261904761904
臺中,2011,24,67.28571428571429
臺中,2011,25,73.90476190476191
臺中,2011,26,75.47619047619047
臺中,2011,27,68.51785714285715
臺中,2011,28,79.07738095238096
臺中,2011,29,77.83928571428571
臺中,2011,30,69.50595238095237
臺中,2011,31,70.35119047619048
臺中,2011,32,77.22619047619048
臺中,2011,33,68.64880952380953
臺中,2011,34,71.28571428571429
臺中,2011,35,76.42857142857143
臺中,2011,36,69.25
臺中,2011,37,72.58333333333334
臺中,2011,38,64.48214285714286
臺中,2011,39,72.2797619047619
臺中,2011,40,69.69047619047619
臺中,2011,41,74.08928571428571
臺中,2011,42,66.98214285714285
臺中,2011,43,70.71428571428571
臺中,2011,44,75.86309523809523
臺中,2011,45,86.80357142857143
臺中,2011,46,77.32738095238096
臺中,2011,47,69.32142857142857
臺中,2011,48,71.85714285714286
臺中,2011,49,78.47619047619048
臺中,2011,50,73.26190476190477
臺中,2011,51,68.19642857142857
臺中,2011,52,70.74305555555556
臺中,2012,1,75.1547619047619
臺中,2012,2,73.86309523809526
臺中,2012,3,75.2797619047619
臺中,2012,4,75.5059523809524
臺中,2012,5,72.78571428571429
臺中,2012,6,76.64880952380953
臺中,2012,7,70.52380952380953
臺中,2012,8,77.91666666666666
臺中,2012,9,79.57738095238096
臺中,2012,10,81.07142857142857
臺中,2012,11,82.79761904761904
臺中,2012,12,71.08928571428571
臺中,2012,13,61.982142857142854
臺中,2012,14,74.61309523809526
臺中,2012,15,72.3452380952381
臺中,2012,16,78.38690476190477
臺中,2012,17,76.06547619047618
臺中,2012,18,74.89880952380953
臺中,2012,19,70.58928571428571
臺中,2012,20,80.8809523809524
臺中,2012,21,67.27380952380953
臺中,2012,22,75.5357142857143
臺中,2012,23,76.6309523809524
臺中,2012,24,85.10119047619048
臺中,2012,25,80.88690476190474
臺中,2012,26,73.95833333333333
臺中,2012,27,71.23809523809523
臺中,2012,28,66.6547619047619
臺中,2012,29,76.20238095238095
臺中,2012,30,78.1190476190476
臺中,2012,31,81.42261904761904
臺中,2012,32,73.75595238095238
臺中,2012,33,78.68452380952382
臺中,2012,34,75.96428571428571
臺中,2012,35,77.5059523809524
臺中,2012,36,74.23214285714286
臺中,2012,37,71.37499999999999
臺中,2012,38,64.72023809523809
臺中,2012,39,61.958333333333336
臺中,2012,40,63.11904761904763
臺中,2012,41,57.79166666666667
臺中,2012,42,60.982142857142854
臺中,2012,43,68.6547619047619
臺中,2012,44,67.4702380952381
臺中,2012,45,63.124999999999986
臺中,2012,46,69.73214285714286
臺中,2012,47,76.14285714285714
臺中,2012,48,83.04761904761905
臺中,2012,49,75.25595238095238
臺中,2012,50,72.13095238095238
臺中,2012,51,70.11904761904763
臺中,2012,52,70.58333333333333
臺中,2013,1,74.41071428571429
臺中,2013,2,78.67261904761905
臺中,2013,3,72.51785714285714
臺中,2013,4,74.375
臺中,2013,5,70.91666666666666
臺中,2013,6,74.88690476190477
臺中,2013,7,73.51785714285714
臺中,2013,8,74.61904761904762
臺中,2013,9,74.04166666666667
臺中,2013,10,62.23214285714287
臺中,2013,11,69.56547619047619
臺中,2013,12,78.73214285714286
臺中,2013,13,75.08333333333334
臺中,2013,14,80.10119047619048
臺中,2013,15,82.86309523809526
臺中,2013,16,76.92261904761904
臺中,2013,17,76.5
臺中,2013,18,75.625
臺中,2013,19,76.26190476190474
臺中,2013,20,77.95833333333334
臺中,2013,21,77.42261904761905
臺中,2013,22,65.70833333333333
臺中,2013,23,68.55952380952381
臺中,2013,24,80.20833333333334
臺中,2013,25,72.95238095238095
臺中,2013,26,69.50595238095238
臺中,2013,27,73.27380952380953
臺中,2013,28,76.8452380952381
臺中,2013,29,75.60714285714286
臺中,2013,30,73.29166666666667
臺中,2013,31,72.41666666666667
臺中,2013,32,68.91071428571429
臺中,2013,33,76.07738095238096
臺中,2013,34,80.54166666666667
臺中,2013,35,85.7559523809524
臺中,2013,36,74.03571428571429
臺中,2013,37,75.94642857142857
臺中,2013,38,68.27380952380952
臺中,2013,39,72.49404761904762
臺中,2013,40,67.66071428571429
臺中,2013,41,71.04761904761905
臺中,2013,42,62.10119047619048
臺中,2013,43,61.029761904761905
臺中,2013,44,72.03571428571429
臺中,2013,45,75.16071428571429
臺中,2013,46,68.54761904761904
臺中,2013,47,59.94642857142856
臺中,2013,48,65.32142857142857
臺中,2013,49,59.32738095238094
臺中,2013,50,72.35119047619048
臺中,2013,51,78.125
臺中,2013,52,71.54761904761905
臺中,2014,1,68.30357142857143
臺中,2014,2,72.04761904761905
臺中,2014,3,64.30357142857143
臺中,2014,4,60.398809523809526
臺中,2014,5,65.61309523809523
臺中,2014,6,77.7202380952381
臺中,2014,7,77.66666666666667
臺中,2014,8,71.80357142857143
臺中,2014,9,71.39880952380953
臺中,2014,10,76.52976190476191
臺中,2014,11,71.85119047619047
臺中,2014,12,69.36309523809524
臺中,2014,13,70.17857142857143
臺中,2014,14,71.29761904761905
臺中,2014,15,69.24999999999999
臺中,2014,16,67.57738095238095
臺中,2014,17,71.0952380952381
臺中,2014,18,71.56547619047618
臺中,2014,19,78.4047619047619
臺中,2014,20,76.57738095238096
臺中,2014,21,81.85119047619047
臺中,2014,22,76.38690476190474
臺中,2014,23,78.85119047619048
臺中,2014,24,75.23214285714286
臺中,2014,25,70.91071428571428
臺中,2014,26,72.17857142857142
臺中,2014,27,68.5
臺中,2014,28,67.35119047619048
臺中,2014,29,69.19047619047619
臺中,2014,30,75.57142857142857
臺中,2014,31,76.67261904761905
臺中,2014,32,81.8809523809524
臺中,2014,33,78.66666666666666
臺中,2014,34,71.55952380952381
臺中,2014,35,73.82738095238096
臺中,2014,36,71.86309523809523
臺中,2014,37,72.38690476190476
臺中,2014,38,74.2202380952381
臺中,2014,39,78.57738095238095
臺中,2014,40,66.18452380952381
臺中,2014,41,63.47023809523809
臺中,2014,42,61.875
臺中,2014,43,67.93452380952381
臺中,2014,44,71.5952380952381
臺中,2014,45,65.76785714285714
臺中,2014,46,72.33928571428572
臺中,2014,47,71.36309523809526
臺中,2014,48,75.63690476190477
臺中,2014,49,71.94047619047619
臺中,2014,50,70.82142857142858
臺中,2014,51,68.03571428571428
臺中,2014,52,74.5952380952381
臺中,2015,1,65.375
臺中,2015,2,64.39285714285714
臺中,2015,3,69.0
臺中,2015,4,64.72619047619047
臺中,2015,5,75.90476190476191
臺中,2015,6,73.25
臺中,2015,7,58.39880952380952
臺中,2015,8,74.01190476190477
臺中,2015,9,76.76190476190474
臺中,2015,10,72.26190476190476
臺中,2015,11,76.04166666666666
臺中,2015,12,73.61309523809523
臺中,2015,13,75.48214285714286
臺中,2015,14,69.29761904761905
臺中,2015,15,73.90476190476191
臺中,2015,16,59.732142857142854
臺中,2015,17,70.05952380952381
臺中,2015,18,68.35714285714286
臺中,2015,19,74.96428571428571
臺中,2015,20,71.30952380952381
臺中,2015,21,79.96428571428571
臺中,2015,22,84.8690476190476
臺中,2015,23,75.09523809523809
臺中,2015,24,68.72023809523809
臺中,2015,25,67.31547619047619
臺中,2015,26,72.18452380952381
臺中,2015,27,68.77380952380953
臺中,2015,28,75.67261904761904
臺中,2015,29,73.23809523809523
臺中,2015,30,65.63690476190476
臺中,2015,31,69.60119047619047
臺中,2015,32,70.46428571428571
臺中,2015,33,74.08333333333334
臺中,2015,34,75.82738095238095
臺中,2015,35,83.20833333333334
臺中,2015,36,77.50595238095238
臺中,2015,37,71.9702380952381
臺中,2015,38,67.72619047619048
臺中,2015,39,69.08928571428572
臺中,2015,40,77.66071428571429
臺中,2015,41,72.57738095238095
臺中,2015,42,65.16071428571429
臺中,2015,43,73.56547619047619
臺中,2015,44,72.99404761904762
臺中,2015,45,73.68452380952381
臺中,2015,46,71.13690476190476
臺中,2015,47,74.25
臺中,2015,48,64.66071428571428
臺中,2015,49,71.45833333333333
臺中,2015,50,74.76785714285714
臺中,2015,51,68.69047619047618
臺中,2015,52,79.11309523809526
臺中,2015,53,75.20833333333334
臺中,2016,1,79.33333333333333
臺中,2016,2,81.26190476190477
臺中,2016,3,76.08333333333333
臺中,2016,4,79.48809523809521
臺中,2016,5,74.11309523809523
臺中,2016,6,67.49404761904762
臺中,2016,7,73.63690476190474
臺中,2016,8,76.19642857142857
臺中,2016,9,64.63690476190477
臺中,2016,10,82.85119047619047
臺中,2016,11,85.13690476190477
臺中,2016,12,78.05357142857143
臺中,2016,13,67.70833333333333
臺中,2016,14,75.41071428571429
臺中,2016,15,82.25595238095238
臺中,2016,16,76.73809523809526
臺中,2016,17,75.60714285714288
臺中,2016,18,73.72023809523809
臺中,2016,19,72.35119047619047
臺中,2016,20,77.73214285714286
臺中,2016,21,75.25000000000001
臺中,2016,22,74.01785714285714
臺中,2016,23,82.21428571428571
臺中,2016,24,77.44047619047619
臺中,2016,25,73.375
臺中,2016,26,77.40476190476191
臺中,2016,27,77.8452380952381
臺中,2016,28,70.25000000000001
臺中,2016,29,71.86309523809523
臺中,2016,30,70.21428571428571
臺中,2016,31,75.61309523809523
臺中,2016,32,82.31547619047618
臺中,2016,33,80.79761904761905
臺中,2016,34,74.83333333333333
臺中,2016,35,73.30952380952381
臺中,2016,36,79.73214285714286
臺中,2016,37,78.19047619047619
臺中,2016,38,70.89285714285715
臺中,2016,39,80.1309523809524
臺中,2016,40,80.20833333333334
臺中,2016,41,75.85714285714286
臺中,2016,42,75.90476190476191
臺中,2016,43,74.66666666666667
臺中,2016,44,68.35714285714286
臺中,2016,45,73.29166666666666
臺中,2016,46,76.22619047619047
臺中,2016,47,81.86904761904762
臺中,2016,48,76.11309523809523
臺中,2016,49,73.77380952380952
臺中,2016,50,68.19642857142858
臺中,2016,51,72.88095238095238
臺中,2016,52,78.60119047619048
臺中,2017,1,81.07738095238095
臺中,2017,2,76.48809523809526
臺中,2017,3,74.01785714285714
臺中,2017,4,69.45238095238095
臺中,2017,5,72.72619047619048
臺中,2017,6,63.20238095238095
臺中,2017,7,67.36309523809523
臺中,2017,8,79.14880952380953
臺中,2017,9,65.6547619047619
臺中,2017,10,78.42857142857143
臺中,2017,11,76.125
臺中,2017,12,74.22023809523809
臺中,2017,13,63.15476190476191
臺中,2017,14,67.26785714285714
臺中,2017,15,79.41071428571429
臺中,2017,16,78.04166666666667
臺中,2017,17,74.31547619047618
臺中,2017,18,71.24404761904762
臺中,2017,19,69.98214285714286
臺中,2017,20,79.47619047619047
臺中,2017,21,76.52380952380953
臺中,2017,22,87.42261904761907
臺中,2017,23,77.73214285714286
臺中,2017,24,89.68452380952381
臺中,2017,25,74.76190476190477
臺中,2017,26,75.73214285714286
臺中,2017,27,81.11309523809526
臺中,2017,28,74.89880952380952
臺中,2017,29,73.67857142857143
臺中,2017,30,77.53571428571429
臺中,2017,31,81.34523809523809
臺中,2017,32,75.45238095238095
臺中,2017,33,71.04761904761905
臺中,2017,34,82.67857142857143
臺中,2017,35,79.33928571428571
臺中,2017,36,78.96428571428571
臺中,2017,37,69.11309523809523
臺中,2017,38,68.13095238095238
臺中,2017,39,73.06547619047619
臺中,2017,40,74.77380952380952
臺中,2017,41,78.42261904761905
臺中,2017,42,73.08333333333334
臺中,2017,43,63.40476190476191
臺中,2017,44,69.95238095238095
臺中,2017,45,80.54166666666667
臺中,2017,46,80.96428571428571
臺中,2017,47,79.07738095238095
臺中,2017,48,78.98214285714286
臺中,2017,49,79.38095238095238
臺中,2017,50,78.51785714285714
臺中,2017,51,72.56547619047619
臺中,2017,52,72.54166666666667
臺南,2009,53,71.875
臺南,2010,1,71.82738095238095
臺南,2010,2,65.52380952380953
臺南,2010,3,69.97619047619047
臺南,2010,4,73.79166666666666
臺南,2010,5,73.26785714285714
臺南,2010,6,73.52380952380953
臺南,2010,7,77.79166666666667
臺南,2010,8,70.41071428571429
臺南,2010,9,69.95833333333334
臺南,2010,10,62.36904761904761
臺南,2010,11,68.79166666666667
臺南,2010,12,66.08333333333333
臺南,2010,13,67.09523809523809
臺南,2010,14,70.37499999999999
臺南,2010,15,68.25
臺南,2010,16,68.90476190476191
臺南,2010,17,71.50595238095238
臺南,2010,18,71.38690476190476
臺南,2010,19,68.19642857142857
臺南,2010,20,71.65476190476191
臺南,2010,21,74.63690476190477
臺南,2010,22,74.28571428571429
臺南,2010,23,75.77976190476191
臺南,2010,24,74.72619047619047
臺南,2010,25,76.53571428571429
臺南,2010,26,71.31547619047619
臺南,2010,27,69.91666666666667
臺南,2010,28,69.2857142857143
臺南,2010,29,70.4702380952381
臺南,2010,30,80.08928571428571
臺南,2010,31,69.88095238095238
臺南,2010,32,72.13095238095238
臺南,2010,33,69.01785714285714
臺南,2010,34,71.83928571428571
臺南,2010,35,74.66666666666667
臺南,2010,36,76.49404761904762
臺南,2010,37,72.55357142857143
臺南,2010,38,71.33928571428571
臺南,2010,39,71.43452380952381
臺南,2010,40,71.25000000000001
臺南,2010,41,71.98214285714286
臺南,2010,42,76.00595238095238
臺南,2010,43,66.36904761904762
臺南,2010,44,73.98809523809523
臺南,2010,45,71.05357142857143
臺南,2010,46,76.08333333333333
臺南,2010,47,68.94047619047619
臺南,2010,48,72.92857142857143
臺南,2010,49,61.875
臺南,2010,50,69.86904761904762
臺南,2010,51,67.85119047619048
臺南,2010,52,60.0
臺南,2011,1,72.44047619047619
臺南,2011,2,77.0
臺南,2011,3,76.10119047619048
臺南,2011,4,74.84523809523809
臺南,2011,5,71.60714285714285
臺南,2011,6,67.85119047619047
臺南,2011,7,78.38095238095238
臺南,2011,8,73.875
臺南,2011,9,69.06547619047619
臺南,2011,10,68.09523809523809
臺南,2011,11,67.53571428571428
臺南,2011,12,68.71428571428571
臺南,2011,13,67.16666666666667
臺南,2011,14,66.44642857142858
臺南,2011,15,68.50595238095238
臺南,2011,16,62.238095238095234
臺南,2011,17,69.95238095238095
臺南,2011,18,69.98809523809523
臺南,2011,19,70.18452380952381
臺南,2011,20,77.32142857142857
臺南,2011,21,72.91666666666666
臺南,2011,22,73.74404761904762
臺南,2011,23,67.73809523809523
臺南,2011,24,67.70238095238095
臺南,2011,25,74.15476190476191
臺南,2011,26,77.22619047619048
臺南,2011,27,70.20238095238095
臺南,2011,28,81.0297619047619
臺南,2011,29,80.63690476190477
臺南,2011,30,72.69047619047619
臺南,2011,31,72.29166666666667
臺南,2011,32,71.75595238095238
臺南,2011,33,66.99404761904762
臺南,2011,34,70.79761904761905
臺南,2011,35,78.35119047619047
臺南,2011,36,69.68452380952381
臺南,2011,37,69.04761904761905
臺南,2011,38,65.875
臺南,2011,39,74.80952380952382
臺南,2011,40,72.63095238095238
臺南,2011,41,77.55357142857143
臺南,2011,42,68.54166666666667
臺南,2011,43,69.55357142857142
臺南,2011,44,74.6309523809524
臺南,2011,45,85.92857142857142
臺南,2011,46,80.39285714285714
臺南,2011,47,71.70238095238096
臺南,2011,48,74.94642857142857
臺南,2011,49,79.11309523809523
臺南,2011,50,77.28571428571429
臺南,2011,51,71.58333333333334
臺南,2011,52,74.44444444444444
臺南,2012,1,79.07142857142857
臺南,2012,2,78.80357142857143
臺南,2012,3,79.82738095238095
臺南,2012,4,79.91666666666666
臺南,2012,5,76.20833333333334
臺南,2012,6,82.63095238095238
臺南,2012,7,75.01785714285714
臺南,2012,8,82.6190476190476
臺南,2012,9,80.79761904761905
臺南,2012,10,76.14285714285714
臺南,2012,11,80.51190476190474
臺南,2012,12,71.30952380952381
臺南,2012,13,61.11904761904763
臺南,2012,14,71.38690476190476
臺南,2012,15,72.23214285714285
臺南,2012,16,76.41071428571429
臺南,2012,17,74.7440476190476
臺南,2012,18,78.125
臺南,2012,19,76.99404761904762
臺南,2012,20,85.57142857142857
臺南,2012,21,74.61904761904762
臺南,2012,22,79.08928571428571
臺南,2012,23,82.36904761904762
臺南,2012,24,88.47619047619047
臺南,2012,25,88.9107142857143
臺南,2012,26,77.16071428571429
臺南,2012,27,77.56547619047618
臺南,2012,28,77.86309523809526
臺南,2012,29,80.05357142857144
臺南,2012,30,78.52380952380953
臺南,2012,31,85.75595238095238
臺南,2012,32,87.82142857142856
臺南,2012,33,83.61309523809526
臺南,2012,34,78.89999999999999
臺南,2012,35,78.63868274582559
臺南,2012,36,71.74999999999999
臺南,2012,37,69.50595238095237
臺南,2012,38,62.702380952380956
臺南,2012,39,67.72619047619048
臺南,2012,40,65.84523809523809
臺南,2012,41,65.88690476190474
臺南,2012,42,66.3452380952381
臺南,2012,43,72.38095238095238
臺南,2012,44,73.86309523809523
臺南,2012,45,67.9421768707483
臺南,2012,46,77.47402597402596
臺南,2012,47,77.15476190476191
臺南,2012,48,78.23214285714286
臺南,2012,49,75.21428571428571
臺南,2012,50,70.33333333333334
臺南,2012,51,70.01785714285714
臺南,2012,52,71.53571428571429
臺南,2013,1,72.35714285714285
臺南,2013,2,79.92857142857143
臺南,2013,3,70.19047619047619
臺南,2013,4,72.88095238095238
臺南,2013,5,65.73809523809523
臺南,2013,6,73.43452380952381
臺南,2013,7,70.94642857142857
臺南,2013,8,75.97023809523809
臺南,2013,9,75.02380952380953
臺南,2013,10,62.898809523809526
臺南,2013,11,71.51785714285714
臺南,2013,12,76.23809523809523
臺南,2013,13,71.79166666666667
臺南,2013,14,77.35714285714286
臺南,2013,15,75.875
臺南,2013,16,75.56547619047618
臺南,2013,17,76.08928571428571
臺南,2013,18,78.06547619047619
臺南,2013,19,76.80952380952382
臺南,2013,20,83.57142857142857
臺南,2013,21,79.66071428571429
臺南,2013,22,73.01190476190476
臺南,2013,23,71.26190476190477
臺南,2013,24,78.90476190476191
臺南,2013,25,71.67261904761905
臺南,2013,26,78.23809523809526
臺南,2013,27,70.79166666666667
臺南,2013,28,76.60119047619047
臺南,2013,29,72.8452380952381
臺南,2013,30,72.44642857142857
臺南,2013,31,73.6190476190476
臺南,2013,32,71.375
臺南,2013,33,76.97619047619048
臺南,2013,34,83.64285714285714
臺南,2013,35,85.3690476190476
臺南,2013,36,69.25000000000001
臺南,2013,37,74.04761904761905
臺南,2013,38,75.70833333333333
臺南,2013,39,75.64285714285714
臺南,2013,40,70.78571428571429
臺南,2013,41,74.71428571428571
臺南,2013,42,67.20833333333333
臺南,2013,43,65.3988095238095
臺南,2013,44,72.93452380952381
臺南,2013,45,78.1309523809524
臺南,2013,46,73.79166666666667
臺南,2013,47,63.86309523809524
臺南,2013,48,64.67261904761905
臺南,2013,49,62.88095238095239
臺南,2013,50,72.47619047619047
臺南,2013,51,78.64880952380952
臺南,2013,52,72.94642857142857
臺南,2014,1,69.56547619047619
臺南,2014,2,71.5297619047619
臺南,2014,3,67.85714285714286
臺南,2014,4,61.160714285714285
臺南,2014,5,70.56547619047619
臺南,2014,6,76.83928571428571
臺南,2014,7,78.17261904761905
臺南,2014,8,72.83333333333334
臺南,2014,9,73.5297619047619
臺南,2014,10,73.60714285714286
臺南,2014,11,69.22619047619048
臺南,2014,12,68.51785714285714
臺南,2014,13,71.36309523809523
臺南,2014,14,76.97023809523809
臺南,2014,15,72.05357142857143
臺南,2014,16,72.4702380952381
臺南,2014,17,72.65476190476191
臺南,2014,18,73.66666666666666
臺南,2014,19,79.03571428571429
臺南,2014,20,79.33928571428571
臺南,2014,21,78.08928571428571
臺南,2014,22,78.04166666666666
臺南,2014,23,79.67261904761904
臺南,2014,24,83.08928571428571
臺南,2014,25,79.65476190476191
臺南,2014,26,78.77976190476191
臺南,2014,27,74.23809523809526
臺南,2014,28,76.02380952380953
臺南,2014,29,74.84523809523809
臺南,2014,30,80.66071428571429
臺南,2014,31,78.08928571428571
臺南,2014,32,83.38690476190477
臺南,2014,33,86.23214285714286
臺南,2014,34,75.44642857142857
臺南,2014,35,74.78571428571429
臺南,2014,36,74.73214285714286
臺南,2014,37,75.7797619047619
臺南,2014,38,80.07142857142857
臺南,2014,39,78.39285714285714
臺南,2014,40,70.27380952380952
臺南,2014,41,67.19642857142857
臺南,2014,42,64.41071428571429
臺南,2014,43,70.67857142857143
臺南,2014,44,72.46428571428571
臺南,2014,45,67.91666666666667
臺南,2014,46,72.69642857142857
臺南,2014,47,73.89880952380952
臺南,2014,48,76.78571428571429
臺南,2014,49,73.77380952380952
臺南,2014,50,72.67857142857143
臺南,2014,51,66.85119047619047
臺南,2014,52,73.91071428571429
臺南,2015,1,66.09523809523809
臺南,2015,2,67.5
臺南,2015,3,73.14880952380953
臺南,2015,4,65.66666666666666
臺南,2015,5,76.82142857142858
臺南,2015,6,73.4702380952381
臺南,2015,7,61.75595238095237
臺南,2015,8,76.32142857142857
臺南,2015,9,78.5
臺南,2015,10,74.70238095238095
臺南,2015,11,73.85119047619048
臺南,2015,12,77.01785714285714
臺南,2015,13,73.16071428571429
臺南,2015,14,76.33333333333334
臺南,2015,15,74.98214285714286
臺南,2015,16,64.45833333333333
臺南,2015,17,75.13690476190477
臺南,2015,18,73.67857142857143
臺南,2015,19,76.2202380952381
臺南,2015,20,76.69642857142857
臺南,2015,21,84.13690476190477
臺南,2015,22,86.77976190476191
臺南,2015,23,77.20238095238096
臺南,2015,24,73.66666666666666
臺南,2015,25,71.68452380952381
臺南,2015,26,73.93452380952382
臺南,2015,27,76.38690476190477
臺南,2015,28,84.38690476190477
臺南,2015,29,79.27380952380953
臺南,2015,30,78.08333333333333
臺南,2015,31,74.38690476190477
臺南,2015,32,77.23214285714286
臺南,2015,33,80.56547619047618
臺南,2015,34,80.0
臺南,2015,35,88.31547619047622
臺南,2015,36,77.88690476190477
臺南,2015,37,74.58928571428571
臺南,2015,38,71.5297619047619
臺南,2015,39,75.30952380952381
臺南,2015,40,82.94047619047619
臺南,2015,41,75.51190476190477
臺南,2015,42,69.68452380952381
臺南,2015,43,84.35714285714286
臺南,2015,44,76.23214285714286
臺南,2015,45,78.85119047619048
臺南,2015,46,76.04761904761905
臺南,2015,47,77.65476190476191
臺南,2015,48,67.4702380952381
臺南,2015,49,73.63690476190474
臺南,2015,50,77.21428571428571
臺南,2015,51,71.24404761904762
臺南,2015,52,79.15476190476191
臺南,2015,53,77.57142857142857
臺南,2016,1,82.88690476190477
臺南,2016,2,85.93452380952382
臺南,2016,3,78.89880952380953
臺南,2016,4,81.22023809523809
臺南,2016,5,75.9047619047619
臺南,2016,6,70.24404761904762
臺南,2016,7,74.07142857142857
臺南,2016,8,77.2202380952381
臺南,2016,9,67.54166666666667
臺南,2016,10,83.56547619047619
臺南,2016,11,84.30952380952382
臺南,2016,12,82.5952380952381
臺南,2016,13,70.45238095238095
臺南,2016,14,76.20833333333334
臺南,2016,15,82.61904761904762
臺南,2016,16,78.14880952380952
臺南,2016,17,71.46428571428571
臺南,2016,18,75.75
臺南,2016,19,75.73214285714286
臺南,2016,20,76.42261904761905
臺南,2016,21,77.83928571428571
臺南,2016,22,78.21428571428571
臺南,2016,23,84.54761904761905
臺南,2016,24,82.61904761904762
臺南,2016,25,74.01190476190477
臺南,2016,26,71.75
臺南,2016,27,78.96428571428571
臺南,2016,28,81.50595238095238
臺南,2016,29,70.54166666666667
臺南,2016,30,70.86309523809524
臺南,2016,31,74.89285714285714
臺南,2016,32,81.26785714285714
臺南,2016,33,79.64880952380952
臺南,2016,34,75.75595238095238
臺南,2016,35,78.89880952380953
臺南,2016,36,83.46428571428571
臺南,2016,37,79.48809523809526
臺南,2016,38,72.6547619047619
臺南,2016,39,85.2440476190476
臺南,2016,40,82.07142857142857
臺南,2016,41,80.32738095238096
臺南,2016,42,78.76785714285714
臺南,2016,43,74.93452380952381
臺南,2016,44,68.72619047619048
臺南,2016,45,70.61904761904762
臺南,2016,46,75.70833333333333
臺南,2016,47,79.21428571428571
臺南,2016,48,78.71428571428571
臺南,2016,49,74.28571428571429
臺南,2016,50,67.56547619047619
臺南,2016,51,75.37499999999999
臺南,2016,52,77.26190476190477
臺南,2017,1,80.01190476190477
臺南,2017,2,75.23214285714286
臺南,2017,3,72.33928571428572
臺南,2017,4,69.60119047619048
臺南,2017,5,74.51190476190477
臺南,2017,6,68.0952380952381
臺南,2017,7,67.94047619047619
臺南,2017,8,73.69047619047619
臺南,2017,9,64.98809523809523
臺南,2017,10,75.29166666666666
臺南,2017,11,71.82738095238095
臺南,2017,12,72.55952380952381
臺南,2017,13,61.0654761904762
臺南,2017,14,65.73214285714286
臺南,2017,15,77.48809523809523
臺南,2017,16,76.73214285714286
臺南,2017,17,68.10119047619048
臺南,2017,18,67.81547619047619
臺南,2017,19,70.9702380952381
臺南,2017,20,76.89285714285714
臺南,2017,21,71.58928571428571
臺南,2017,22,83.84523809523809
臺南,2017,23,77.31547619047619
臺南,2017,24,84.44047619047618
臺南,2017,25,74.39285714285714
臺南,2017,26,72.99999999999999
臺南,2017,27,75.57738095238095
臺南,2017,28,76.60714285714286
臺南,2017,29,76.46428571428571
臺南,2017,30,76.45238095238095
臺南,2017,31,81.66071428571429
臺南,2017,32,73.47619047619048
臺南,2017,33,67.88095238095238
臺南,2017,34,74.77380952380953
臺南,2017,35,74.125
臺南,2017,36,75.5952380952381
臺南,2017,37,66.98214285714286
臺南,2017,38,61.5595238095238
臺南,2017,39,70.92261904761905
臺南,2017,40,72.75595238095238
臺南,2017,41,77.1547619047619
臺南,2017,42,71.75595238095238
臺南,2017,43,62.875
臺南,2017,44,66.41666666666667
臺南,2017,45,76.83928571428571
臺南,2017,46,72.33928571428571
臺南,2017,47,69.1547619047619
臺南,2017,48,76.98809523809523
臺南,2017,49,73.17857142857143
臺南,2017,50,73.6190476190476
臺南,2017,51,69.61309523809524
臺南,2017,52,70.72619047619048
高雄,2009,53,73.45833333333333
高雄,2010,1,74.02380952380953
高雄,2010,2,67.67857142857143
高雄,2010,3,70.99999999999999
高雄,2010,4,73.30357142857143
高雄,2010,5,72.92857142857143
高雄,2010,6,75.60119047619047
高雄,2010,7,75.00595238095238
高雄,2010,8,72.72619047619047
高雄,2010,9,73.29761904761905
高雄,2010,10,63.863095238095234
高雄,2010,11,72.88095238095238
高雄,2010,12,70.11904761904762
高雄,2010,13,68.3452380952381
高雄,2010,14,73.35714285714286
高雄,2010,15,71.19642857142857
高雄,2010,16,76.41666666666666
高雄,2010,17,73.47619047619047
高雄,2010,18,75.5
高雄,2010,19,69.29166666666667
高雄,2010,20,75.88690476190474
高雄,2010,21,79.38690476190474
高雄,2010,22,75.51785714285714
高雄,2010,23,79.70833333333334
高雄,2010,24,80.2440476190476
高雄,2010,25,79.83333333333333
高雄,2010,26,75.05952380952381
高雄,2010,27,73.03571428571429
高雄,2010,28,69.56547619047619
高雄,2010,29,75.11904761904762
高雄,2010,30,85.3809523809524
高雄,2010,31,76.79761904761904
高雄,2010,32,79.9047619047619
高雄,2010,33,75.5059523809524
高雄,2010,34,78.93452380952381
高雄,2010,35,80.08333333333333
高雄,2010,36,82.38690476190477
高雄,2010,37,79.48214285714286
高雄,2010,38,80.04761904761905
高雄,2010,39,77.2202380952381
高雄,2010,40,79.69642857142857
高雄,2010,41,76.30952380952381
高雄,2010,42,80.33333333333333
高雄,2010,43,67.66071428571429
高雄,2010,44,72.55357142857143
高雄,2010,45,75.0952380952381
高雄,2010,46,78.94047619047619
高雄,2010,47,71.27976190476191
高雄,2010,48,75.4047619047619
高雄,2010,49,61.422619047619044
高雄,2010,50,70.80952380952381
高雄,2010,51,68.24404761904762
高雄,2010,52,60.708333333333336
高雄,2011,1,69.81547619047619
高雄,2011,2,76.27976190476191
高雄,2011,3,73.46428571428571
高雄,2011,4,73.625
高雄,2011,5,69.21428571428571
高雄,2011,6,67.14285714285714
高雄,2011,7,76.57738095238095
高雄,2011,8,74.66666666666666
高雄,2011,9,70.02380952380953
高雄,2011,10,70.07142857142857
高雄,2011,11,68.67261904761905
高雄,2011,12,66.56547619047619
高雄,2011,13,64.57738095238095
高雄,2011,14,67.58928571428571
高雄,2011,15,71.57142857142857
高雄,2011,16,66.69642857142857
高雄,2011,17,71.39880952380953
高雄,2011,18,70.68452380952381
高雄,2011,19,73.45238095238095
高雄,2011,20,80.75
高雄,2011,21,75.76785714285714
高雄,2011,22,78.31547619047618
高雄,2011,23,73.77380952380952
高雄,2011,24,71.33333333333333
高雄,2011,25,76.87500000000001
高雄,2011,26,79.77380952380953
高雄,2011,27,74.60714285714286
高雄,2011,28,85.0297619047619
高雄,2011,29,82.94047619047618
高雄,2011,30,76.34523809523809
高雄,2011,31,74.875
高雄,2011,32,77.05952380952382
高雄,2011,33,71.53571428571429
高雄,2011,34,76.65476190476191
高雄,2011,35,82.29166666666666
高雄,2011,36,74.10714285714286
高雄,2011,37,74.625
高雄,2011,38,73.23809523809523
高雄,2011,39,80.98214285714286
高雄,2011,40,76.81547619047618
高雄,2011,41,81.79761904761904
高雄,2011,42,73.20238095238095
高雄,2011,43,71.76190476190476
高雄,2011,44,75.71428571428571
高雄,2011,45,83.81547619047619
高雄,2011,46,80.01785714285714
高雄,2011,47,73.05357142857142
高雄,2011,48,76.76190476190474
高雄,2011,49,78.61309523809526
高雄,2011,50,79.42857142857143
高雄,2011,51,70.55357142857143
高雄,2011,52,73.22222222222223
高雄,2012,1,75.89880952380953
高雄,2012,2,76.47619047619048
高雄,2012,3,74.625
高雄,2012,4,73.58333333333334
高雄,2012,5,72.64880952380953
高雄,2012,6,78.21428571428571
高雄,2012,7,71.65476190476191
高雄,2012,8,79.99404761904762
高雄,2012,9,74.91071428571429
高雄,2012,10,71.60714285714286
高雄,2012,11,77.32738095238095
高雄,2012,12,70.22619047619047
高雄,2012,13,62.970238095238095
高雄,2012,14,75.85119047619047
高雄,2012,15,74.44047619047618
高雄,2012,16,79.83928571428571
高雄,2012,17,79.98214285714286
高雄,2012,18,79.13095238095238
高雄,2012,19,76.66071428571426
高雄,2012,20,84.18452380952382
高雄,2012,21,74.33928571428571
高雄,2012,22,76.00595238095238
高雄,2012,23,81.27976190476191
高雄,2012,24,87.73214285714288
高雄,2012,25,87.3809523809524
高雄,2012,26,76.7797619047619
高雄,2012,27,76.61309523809523
高雄,2012,28,76.44642857142857
高雄,2012,29,78.56547619047619
高雄,2012,30,76.69047619047619
高雄,2012,31,83.88690476190479
高雄,2012,32,87.39880952380953
高雄,2012,33,81.01190476190477
高雄,2012,34,78.50595238095238
高雄,2012,35,81.83928571428571
高雄,2012,36,77.30357142857143
高雄,2012,37,73.35714285714286
高雄,2012,38,68.38095238095238
高雄,2012,39,70.64880952380953
高雄,2012,40,66.42857142857142
高雄,2012,41,69.07142857142857
高雄,2012,42,67.26190476190477
高雄,2012,43,71.63095238095238
高雄,2012,44,76.625
高雄,2012,45,71.74404761904762
高雄,2012,46,73.99404761904762
高雄,2012,47,77.13095238095238
高雄,2012,48,76.66666666666666
高雄,2012,49,76.98214285714286
高雄,2012,50,72.72619047619048
高雄,2012,51,70.80357142857142
高雄,2012,52,74.79761904761905
高雄,2013,1,71.55952380952381
高雄,2013,2,78.04166666666667
高雄,2013,3,69.83928571428571
高雄,2013,4,70.20238095238095
高雄,2013,5,64.28571428571429
高雄,2013,6,75.25595238095238
高雄,2013,7,73.47023809523809
高雄,2013,8,73.81547619047618
高雄,2013,9,74.57142857142857
高雄,2013,10,62.67857142857143
高雄,2013,11,70.93452380952381
高雄,2013,12,76.66666666666666
高雄,2013,13,71.61309523809523
高雄,2013,14,75.66666666666667
高雄,2013,15,71.8452380952381
高雄,2013,16,78.44642857142857
高雄,2013,17,77.83333333333334
高雄,2013,18,81.00595238095238
高雄,2013,19,79.75595238095238
高雄,2013,20,85.97619047619047
高雄,2013,21,83.61309523809523
高雄,2013,22,76.92261904761904
高雄,2013,23,75.35119047619047
高雄,2013,24,77.65476190476191
高雄,2013,25,75.25
高雄,2013,26,79.32142857142857
高雄,2013,27,73.92857142857143
高雄,2013,28,75.95833333333334
高雄,2013,29,75.04761904761904
高雄,2013,30,77.30357142857143
高雄,2013,31,76.14880952380953
高雄,2013,32,74.52380952380953
高雄,2013,33,80.38095238095238
高雄,2013,34,82.33928571428571
高雄,2013,35,88.2440476190476
高雄,2013,36,74.88095238095238
高雄,2013,37,77.63095238095238
高雄,2013,38,74.86904761904762
高雄,2013,39,77.94642857142857
高雄,2013,40,71.36309523809523
高雄,2013,41,75.5059523809524
高雄,2013,42,68.20238095238095
高雄,2013,43,65.69047619047619
高雄,2013,44,71.63690476190476
高雄,2013,45,78.32142857142857
高雄,2013,46,73.41071428571429
高雄,2013,47,61.52380952380952
高雄,2013,48,63.761904761904766
高雄,2013,49,59.785714285714285
高雄,2013,50,68.54761904761905
高雄,2013,51,73.71428571428571
高雄,2013,52,68.38690476190477
高雄,2014,1,64.77380952380953
高雄,2014,2,66.53571428571428
高雄,2014,3,64.55952380952381
高雄,2014,4,56.45238095238095
高雄,2014,5,66.2559523809524
高雄,2014,6,73.19047619047618
高雄,2014,7,72.60714285714286
高雄,2014,8,68.20833333333333
高雄,2014,9,69.83928571428572
高雄,2014,10,72.01190476190477
高雄,2014,11,69.49404761904762
高雄,2014,12,71.26190476190476
高雄,2014,13,74.875
高雄,2014,14,76.95238095238096
高雄,2014,15,71.89285714285714
高雄,2014,16,74.43452380952382
高雄,2014,17,73.44642857142857
高雄,2014,18,72.71428571428571
高雄,2014,19,76.63690476190477
高雄,2014,20,79.28571428571429
高雄,2014,21,79.33928571428571
高雄,2014,22,79.45833333333334
高雄,2014,23,80.97619047619048
高雄,2014,24,82.17857142857143
高雄,2014,25,81.58928571428571
高雄,2014,26,80.07142857142857
高雄,2014,27,76.85714285714286
高雄,2014,28,76.86309523809523
高雄,2014,29,77.64880952380952
高雄,2014,30,80.66071428571429
高雄,2014,31,79.04166666666666
高雄,2014,32,82.46428571428571
高雄,2014,33,83.27976190476191
高雄,2014,34,75.27380952380952
高雄,2014,35,74.82142857142857
高雄,2014,36,75.50595238095238
高雄,2014,37,77.35714285714286
高雄,2014,38,78.875
高雄,2014,39,79.31547619047618
高雄,2014,40,72.60714285714286
高雄,2014,41,67.23809523809524
高雄,2014,42,65.82738095238095
高雄,2014,43,70.56547619047619
高雄,2014,44,73.23809523809526
高雄,2014,45,69.32142857142857
高雄,2014,46,71.67857142857142
高雄,2014,47,71.78571428571429
高雄,2014,48,74.55357142857143
高雄,2014,49,71.10119047619047
高雄,2014,50,68.54761904761905
高雄,2014,51,63.45833333333333
高雄,2014,52,72.35119047619047
高雄,2015,1,63.369047619047635
高雄,2015,2,64.91666666666667
高雄,2015,3,68.96428571428571
高雄,2015,4,62.88690476190475
高雄,2015,5,71.33333333333334
高雄,2015,6,68.86904761904762
高雄,2015,7,59.72023809523811
高雄,2015,8,72.63690476190477
高雄,2015,9,74.19642857142857
高雄,2015,10,72.79166666666667
高雄,2015,11,70.7797619047619
高雄,2015,12,74.27976190476191
高雄,2015,13,69.89880952380953
高雄,2015,14,76.07142857142857
高雄,2015,15,69.50595238095238
高雄,2015,16,62.81547619047619
高雄,2015,17,71.95833333333334
高雄,2015,18,73.28571428571429
高雄,2015,19,74.82738095238095
高雄,2015,20,75.41071428571429
高雄,2015,21,76.73809523809523
高雄,2015,22,82.79761904761904
高雄,2015,23,78.2440476190476
高雄,2015,24,74.73809523809523
高雄,2015,25,72.83928571428571
高雄,2015,26,75.25
高雄,2015,27,74.06547619047618
高雄,2015,28,79.67261904761905
高雄,2015,29,79.22619047619048
高雄,2015,30,78.64880952380952
高雄,2015,31,74.42857142857143
高雄,2015,32,76.63690476190474
高雄,2015,33,79.31547619047618
高雄,2015,34,79.96428571428571
高雄,2015,35,83.52380952380953
高雄,2015,36,79.61309523809523
高雄,2015,37,74.96428571428571
高雄,2015,38,73.57142857142857
高雄,2015,39,75.40476190476191
高雄,2015,40,79.29166666666667
高雄,2015,41,75.125
高雄,2015,42,69.54166666666666
高雄,2015,43,81.80357142857143
高雄,2015,44,74.48809523809523
高雄,2015,45,76.96428571428571
高雄,2015,46,75.60714285714288
高雄,2015,47,77.11904761904762
高雄,2015,48,66.41666666666666
高雄,2015,49,71.84523809523809
高雄,2015,50,73.83333333333333
高雄,2015,51,68.23809523809523
高雄,2015,52,72.69047619047619
高雄,2015,53,72.25595238095237
高雄,2016,1,77.53571428571429
高雄,2016,2,78.30357142857143
高雄,2016,3,75.06547619047618
高雄,2016,4,74.125
高雄,2016,5,71.47619047619048
高雄,2016,6,66.58928571428571
高雄,2016,7,70.67261904761905
高雄,2016,8,72.27380952380953
高雄,2016,9,66.2797619047619
高雄,2016,10,77.36309523809523
高雄,2016,11,80.16071428571429
高雄,2016,12,75.88095238095238
高雄,2016,13,70.44642857142858
高雄,2016,14,76.14285714285714
高雄,2016,15,79.44642857142857
高雄,2016,16,76.33928571428571
高雄,2016,17,72.90476190476191
高雄,2016,18,76.125
高雄,2016,19,75.86309523809526
高雄,2016,20,74.41071428571429
高雄,2016,21,77.91666666666666
高雄,2016,22,78.29761904761905
高雄,2016,23,82.73214285714286
高雄,2016,24,81.7202380952381
高雄,2016,25,76.76785714285714
高雄,2016,26,72.96428571428572
高雄,2016,27,77.89880952380953
高雄,2016,28,80.36309523809523
高雄,2016,29,75.10119047619048
高雄,2016,30,74.125
高雄,2016,31,76.17261904761904
高雄,2016,32,81.13690476190474
高雄,2016,33,82.19047619047618
高雄,2016,34,77.22619047619048
高雄,2016,35,78.95238095238095
高雄,2016,36,83.54761904761905
高雄,2016,37,80.64880952380952
高雄,2016,38,76.97619047619048
高雄,2016,39,80.51785714285714
高雄,2016,40,81.94047619047618
高雄,2016,41,79.94047619047619
高雄,2016,42,78.73809523809526
高雄,2016,43,75.73214285714286
高雄,2016,44,69.10119047619047
高雄,2016,45,70.2797619047619
高雄,2016,46,74.73214285714286
高雄,2016,47,75.17261904761904
高雄,2016,48,74.3690476190476
高雄,2016,49,72.48809523809523
高雄,2016,50,64.64285714285714
高雄,2016,51,71.22619047619047
高雄,2016,52,72.08928571428571
高雄,2017,1,72.77380952380953
高雄,2017,2,71.35714285714286
高雄,2017,3,68.1011904761905
高雄,2017,4,65.125
高雄,2017,5,69.20238095238095
高雄,2017,6,65.68452380952381
高雄,2017,7,63.636904761904766
高雄,2017,8,70.68452380952381
高雄,2017,9,63.55357142857143
高雄,2017,10,72.05952380952381
高雄,2017,11,71.88095238095238
高雄,2017,12,70.72619047619048
高雄,2017,13,62.83928571428573
高雄,2017,14,66.42857142857143
高雄,2017,15,75.0238095238095
高雄,2017,16,76.64285714285714
高雄,2017,17,69.73809523809526
高雄,2017,18,71.28571428571429
高雄,2017,19,71.78571428571429
高雄,2017,20,75.66666666666666
高雄,2017,21,76.32142857142857
高雄,2017,22,81.54761904761905
高雄,2017,23,76.17261904761905
高雄,2017,24,79.0
高雄,2017,25,74.42261904761904
高雄,2017,26,72.30952380952382
高雄,2017,27,69.24404761904762
高雄,2017,28,68.77380952380952
高雄,2017,29,71.33333333333333
高雄,2017,30,74.75
高雄,2017,31,79.95833333333334
高雄,2017,32,75.58928571428571
高雄,2017,33,71.13690476190476
高雄,2017,34,73.4702380952381
高雄,2017,35,76.2797619047619
高雄,2017,36,75.44642857142857
高雄,2017,37,73.17261904761905
高雄,2017,38,71.63095238095238
高雄,2017,39,74.38690476190477
高雄,2017,40,75.82142857142857
高雄,2017,41,78.33928571428571
高雄,2017,42,73.23214285714286
高雄,2017,43,65.77380952380953
高雄,2017,44,67.85119047619047
高雄,2017,45,78.05357142857143
高雄,2017,46,74.67261904761904
高雄,2017,47,70.03571428571429
高雄,2017,48,74.76190476190477
高雄,2017,49,67.05357142857142
高雄,2017,50,70.15476190476191
高雄,2017,51,66.20238095238095
高雄,2017,52,71.04761904761905
桃園,2009,53,76.30555555555556
桃園,2010,1,79.23809523809526
桃園,2010,2,63.285714285714285
桃園,2010,3,69.10714285714286
桃園,2010,4,75.26785714285714
桃園,2010,5,84.90476190476191
桃園,2010,6,77.64880952380952
桃園,2010,7,86.01190476190477
桃園,2010,8,72.89285714285714
桃園,2010,9,76.63690476190477
桃園,2010,10,68.51569264069263
桃園,2010,11,71.61904761904762
桃園,2010,12,63.95238095238095
桃園,2010,13,67.82738095238095
桃園,2010,14,81.14285714285714
桃園,2010,15,76.03571428571429
桃園,2010,16,70.42857142857144
桃園,2010,17,60.95833333333332
桃園,2010,18,73.88690476190477
桃園,2010,19,80.23809523809526
桃園,2010,20,68.56547619047619
桃園,2010,21,70.48214285714285
桃園,2010,22,78.03571428571429
桃園,2010,23,80.18452380952378
桃園,2010,24,72.20238095238095
桃園,2010,25,75.35714285714286
桃園,2010,26,68.0952380952381
桃園,2010,27,56.30952380952382
桃園,2010,28,61.07738095238095
桃園,2010,29,63.17261904761905
桃園,2010,30,65.44047619047618
桃園,2010,31,62.154761904761905
桃園,2010,32,65.66666666666667
桃園,2010,33,62.0357142857143
桃園,2010,34,62.29761904761905
桃園,2010,35,74.71428571428571
桃園,2010,36,67.38095238095238
桃園,2010,37,67.66071428571429
桃園,2010,38,68.01190476190476
桃園,2010,39,67.42857142857143
桃園,2010,40,68.68452380952381
桃園,2010,41,74.08928571428571
桃園,2010,42,87.41666666666666
桃園,2010,43,77.58333333333334
桃園,2010,44,73.98214285714286
桃園,2010,45,61.898809523809526
桃園,2010,46,83.54761904761904
桃園,2010,47,69.31547619047619
桃園,2010,48,69.48214285714286
桃園,2010,49,59.86904761904763
桃園,2010,50,73.49430641821947
桃園,2010,51,68.30952380952381
桃園,2010,52,54.787137681159415
桃園,2011,1,84.20833333333334
桃園,2011,2,86.43452380952381
桃園,2011,3,80.27380952380953
桃園,2011,4,83.39880952380952
桃園,2011,5,73.28053830227745
桃園,2011,6,73.04500752870318
桃園,2011,7,88.73214285714286
桃園,2011,8,76.19021739130436
桃園,2011,9,78.50595238095238
桃園,2011,10,75.61749482401657
桃園,2011,11,65.73809523809523
桃園,2011,12,81.19047619047618
桃園,2011,13,59.54994824016563
桃園,2011,14,73.8771645021645
桃園,2011,15,72.73809523809524
桃園,2011,16,52.45238095238095
桃園,2011,17,62.720238095238095
桃園,2011,18,83.67857142857143
桃園,2011,19,75.1309523809524
桃園,2011,20,77.55952380952381
桃園,2011,21,83.33928571428574
桃園,2011,22,73.02380952380952
桃園,2011,23,66.39880952380952
桃園,2011,24,65.86904761904762
桃園,2011,25,68.56547619047619
桃園,2011,26,76.88095238095238
桃園,2011,27,64.6547619047619
桃園,2011,28,81.80952380952381
桃園,2011,29,66.10119047619047
桃園,2011,30,64.46428571428572
桃園,2011,31,64.30357142857143
桃園,2011,32,74.39231601731602
桃園,2011,33,64.5952380952381
桃園,2011,34,65.61904761904762
桃園,2011,35,73.83333333333334
桃園,2011,36,57.27976190476191
桃園,2011,37,67.83333333333334
桃園,2011,38,61.05357142857143
桃園,2011,39,73.49404761904762
桃園,2011,40,82.46428571428571
桃園,2011,41,75.6190476190476
桃園,2011,42,66.85714285714286
桃園,2011,43,71.22619047619047
桃園,2011,44,75.31547619047619
桃園,2011,45,93.86904761904763
桃園,2011,46,85.17857142857143
桃園,2011,47,61.476190476190474
桃園,2011,48,76.5874741200828
桃園,2011,49,90.4047619047619
桃園,2011,50,85.52380952380953
桃園,2011,51,81.33928571428571
桃園,2011,52,80.3125
桃園,2012,1,86.0059523809524
桃園,2012,2,83.63690476190474
桃園,2012,3,83.78571428571429
桃園,2012,4,90.7797619047619
桃園,2012,5,87.66071428571429
桃園,2012,6,88.95238095238095
桃園,2012,7,87.6309523809524
桃園,2012,8,89.21428571428571
桃園,2012,9,91.32738095238093
桃園,2012,10,90.76190476190474
桃園,2012,11,90.67857142857143
桃園,2012,12,76.31547619047619
桃園,2012,13,47.42261904761905
桃園,2012,14,63.714285714285715
桃園,2012,15,79.13775510204081
桃園,2012,16,83.32142857142857
桃園,2012,17,81.10119047619048
桃園,2012,18,69.60714285714286
桃園,2012,19,72.74404761904762
桃園,2012,20,78.39285714285714
桃園,2012,21,71.60714285714286
桃園,2012,22,81.45833333333333
桃園,2012,23,74.88690476190477
桃園,2012,24,84.19642857142857
桃園,2012,25,84.22023809523809
桃園,2012,26,71.995670995671
桃園,2012,27,67.92261904761905
桃園,2012,28,62.107142857142854
桃園,2012,29,66.9047619047619
桃園,2012,30,66.53571428571429
桃園,2012,31,83.125
桃園,2012,32,71.54166666666667
桃園,2012,33,75.05952380952381
桃園,2012,34,70.85714285714286
桃園,2012,35,76.60714285714286
桃園,2012,36,68.48214285714285
桃園,2012,37,74.13690476190474
桃園,2012,38,71.96428571428571
桃園,2012,39,69.97619047619047
桃園,2012,40,64.35119047619047
桃園,2012,41,67.14285714285714
桃園,2012,42,63.22023809523809
桃園,2012,43,69.15476190476191
桃園,2012,44,74.4472049689441
桃園,2012,45,68.06547619047618
桃園,2012,46,73.06547619047619
桃園,2012,47,82.77380952380952
桃園,2012,48,90.59135610766046
桃園,2012,49,79.73809523809523
桃園,2012,50,79.80952380952382
桃園,2012,51,79.77380952380952
桃園,2012,52,73.625
桃園,2013,1,86.8888888888889
桃園,2013,2,88.11309523809521
桃園,2013,3,68.05357142857143
桃園,2013,4,74.33928571428571
桃園,2013,5,71.14583333333333
桃園,2013,6,81.20238095238096
桃園,2013,7,81.07738095238095
桃園,2013,8,79.60119047619048
桃園,2013,9,79.91666666666667
桃園,2013,10,57.744047619047606
桃園,2013,11,75.58928571428571
桃園,2013,12,77.27380952380953
桃園,2013,13,82.17361111111111
桃園,2013,14,79.95918367346938
桃園,2013,15,79.52976190476191
桃園,2013,16,76.08928571428571
桃園,2013,17,75.3452380952381
桃園,2013,18,67.75694444444444
桃園,2013,19,78.96428571428571
桃園,2013,20,81.125
桃園,2013,21,76.20833333333334
桃園,2013,22,64.29861111111111
桃園,2013,23,68.07738095238095
桃園,2013,24,77.17261904761904
桃園,2013,25,67.78300865800867
桃園,2013,26,60.229166666666664
桃園,2013,27,64.27976190476191
桃園,2013,28,68.81547619047619
桃園,2013,29,64.05952380952382
桃園,2013,30,66.92857142857142
桃園,2013,31,62.40277777777778
桃園,2013,32,60.499999999999986
桃園,2013,33,66.95238095238095
桃園,2013,34,80.05357142857143
桃園,2013,35,72.23611111111111
桃園,2013,36,62.36904761904763
桃園,2013,37,63.232142857142854
桃園,2013,38,71.0952380952381
桃園,2013,39,64.27380952380953
桃園,2013,40,75.73611111111111
桃園,2013,41,73.1190476190476
桃園,2013,42,63.73214285714285
桃園,2013,43,65.02380952380952
桃園,2013,44,70.76388888888889
桃園,2013,45,73.25595238095238
桃園,2013,46,74.14880952380953
桃園,2013,47,60.03442028985508
桃園,2013,48,63.97222222222223
桃園,2013,49,60.86904761904761
桃園,2013,50,74.28571428571429
桃園,2013,51,83.18452380952382
桃園,2013,52,79.30952380952382
桃園,2014,1,66.74305555555554
桃園,2014,2,70.57142857142857
桃園,2014,3,63.5
桃園,2014,4,56.297619047619044
桃園,2014,5,61.631944444444436
桃園,2014,6,82.47619047619048
桃園,2014,7,83.41071428571429
桃園,2014,8,69.52976190476191
桃園,2014,9,73.88164251207729
桃園,2014,10,83.42261904761905
桃園,2014,11,67.89285714285714
桃園,2014,12,65.33333333333334
桃園,2014,13,65.86904761904762
桃園,2014,14,70.77083333333331
桃園,2014,15,71.13095238095238
桃園,2014,16,71.19426406926408
桃園,2014,17,83.9702380952381
桃園,2014,18,75.50000000000001
桃園,2014,19,86.39285714285714
桃園,2014,20,78.08333333333333
桃園,2014,21,87.89880952380953
桃園,2014,22,85.25694444444444
桃園,2014,23,83.625
桃園,2014,24,82.7202380952381
桃園,2014,25,78.49404761904762
桃園,2014,26,75.2797619047619
桃園,2014,27,71.61111111111111
桃園,2014,28,71.24404761904762
桃園,2014,29,69.66071428571429
桃園,2014,30,76.66071428571429
桃園,2014,31,69.09722222222221
桃園,2014,32,72.56547619047619
桃園,2014,33,73.30952380952382
桃園,2014,34,74.64285714285714
桃園,2014,35,69.34027777777777
桃園,2014,36,66.80952380952381
桃園,2014,37,69.4702380952381
桃園,2014,38,65.23809523809523
桃園,2014,39,77.19642857142857
桃園,2014,40,69.39583333333333
桃園,2014,41,77.33928571428574
桃園,2014,42,64.82521645021646
桃園,2014,43,73.6389751552795
桃園,2014,44,71.3611111111111
桃園,2014,45,69.63095238095238
桃園,2014,46,79.23214285714286
桃園,2014,47,77.13690476190477
桃園,2014,48,81.18055555555556
桃園,2014,49,70.85119047619048
桃園,2014,50,81.89078674948239
桃園,2014,51,70.58928571428571
桃園,2014,52,74.7797619047619
桃園,2015,1,63.82638888888889
桃園,2015,2,70.34613997113998
桃園,2015,3,70.18814699792962
桃園,2015,4,67.22644927536233
桃園,2015,5,82.42339544513457
桃園,2015,6,82.66071428571429
桃園,2015,7,64.88095238095238
桃園,2015,8,75.36309523809523
桃園,2015,9,88.18452380952381
桃園,2015,10,86.23809523809526
桃園,2015,11,84.60119047619048
桃園,2015,12,79.50595238095238
桃園,2015,13,83.8809523809524
桃園,2015,14,74.59523809523809
桃園,2015,15,86.5059523809524
桃園,2015,16,69.16666666666666
桃園,2015,17,74.0952380952381
桃園,2015,18,75.43452380952381
桃園,2015,19,84.60714285714286
桃園,2015,20,74.41071428571429
桃園,2015,21,83.0297619047619
桃園,2015,22,80.48188405797102
桃園,2015,23,76.90858161446397
桃園,2015,24,68.49404761904762
桃園,2015,25,70.16287878787878
桃園,2015,26,73.06547619047619
桃園,2015,27,67.03338509316771
桃園,2015,28,72.15605590062111
桃園,2015,29,69.38121118012423
桃園,2015,30,70.887987012987
桃園,2015,31,68.703933747412
桃園,2015,32,75.81392339544514
桃園,2015,33,71.49249482401657
桃園,2015,34,73.72708450969321
桃園,2015,35,87.71868530020704
桃園,2015,36,80.49207133446264
桃園,2015,37,68.44557823129252
桃園,2015,38,70.43115942028986
桃園,2015,39,75.09126199887069
桃園,2015,40,81.12258454106279
桃園,2015,41,76.83074534161491
桃園,2015,42,67.00595238095238
桃園,2015,43,81.62318840579711
桃園,2015,44,77.12617857419647
桃園,2015,45,76.75450680272108
桃園,2015,46,79.21829710144928
桃園,2015,47,75.866341991342
桃園,2015,48,71.91291407867494
桃園,2015,49,78.23266045548654
桃園,2015,50,81.29166666666666
桃園,2015,51,71.7619282891022
桃園,2015,52,85.94805194805194
桃園,2015,53,82.22955486542443
桃園,2016,1,85.37784679089027
桃園,2016,2,90.55952380952381
桃園,2016,3,85.36762187088274
桃園,2016,4,80.84166666666667
桃園,2016,5,82.99534161490683
桃園,2016,6,70.58928571428571
桃園,2016,7,79.00595238095238
桃園,2016,8,86.21428571428571
桃園,2016,9,65.36201298701299
桃園,2016,10,91.70056935817807
桃園,2016,11,91.55952380952382
桃園,2016,12,84.24560041407868
桃園,2016,13,68.69642857142857
桃園,2016,14,80.14880952380953
桃園,2016,15,86.25672877846792
桃園,2016,16,78.0266563146998
桃園,2016,17,74.91817240730283
桃園,2016,18,72.58123941276116
桃園,2016,19,70.93285337850556
桃園,2016,20,79.84936365850687
桃園,2016,21,78.58214285714287
桃園,2016,22,71.541149068323
桃園,2016,23,76.14932712215321
桃園,2016,24,73.68219461697721
桃園,2016,25,67.00634057971016
桃園,2016,26,74.02691511387162
桃園,2016,27,73.00634546516754
桃園,2016,28,69.3676954971712
桃園,2016,29,65.40277777777777
桃園,2016,30,61.0
桃園,2016,31,66.06651138716357
桃園,2016,32,72.89880952380952
桃園,2016,33,70.00414078674947
桃園,2016,34,66.72619047619047
桃園,2016,35,65.31935817805382
桃園,2016,36,76.79528985507247
桃園,2016,37,78.64415113871635
桃園,2016,38,70.38690476190477
桃園,2016,39,77.21859119141729
桃園,2016,40,77.41666666666667
桃園,2016,41,86.84523809523809
桃園,2016,42,69.42857142857143
桃園,2016,43,75.71428571428571
桃園,2016,44,70.55917874396137
桃園,2016,45,75.38690476190474
桃園,2016,46,73.17184265010351
桃園,2016,47,84.55357142857143
桃園,2016,48,75.28493788819875
桃園,2016,49,73.20238095238096
桃園,2016,50,67.30952380952381
桃園,2016,51,69.35662525879918
桃園,2016,52,71.77976190476191
桃園,2017,1,78.80952380952381
桃園,2017,2,76.48214285714286
桃園,2017,3,74.52976190476191
桃園,2017,4,70.51190476190476
桃園,2017,5,73.92261904761905
桃園,2017,6,61.732142857142854
桃園,2017,7,60.44642857142857
桃園,2017,8,85.27950310559007
桃園,2017,9,70.30479201249877
桃園,2017,10,78.18897058823529
桃園,2017,11,81.25315656565657
桃園,2017,12,78.8478680998091
桃園,2017,13,63.87479296066253
桃園,2017,14,63.1878364389234
桃園,2017,15,75.41899585921325
桃園,2017,16,75.61542443064182
桃園,2017,17,69.97619047619047
桃園,2017,18,70.39363354037268
桃園,2017,19,73.30952380952382
桃園,2017,20,75.52380952380953
桃園,2017,21,76.29296066252587
桃園,2017,22,80.75414078674946
桃園,2017,23,74.88690476190477
桃園,2017,24,88.85119047619047
桃園,2017,25,71.66623270485644
桃園,2017,26,70.65683229813665
桃園,2017,27,73.3690476190476
桃園,2017,28,70.4738612836439
桃園,2017,29,62.94696969696971
桃園,2017,30,68.21687370600414
桃園,2017,31,72.99327122153208
桃園,2017,32,61.29761904761905
桃園,2017,33,64.36024844720497
桃園,2017,34,65.90476190476191
桃園,2017,35,72.39622153209109
桃園,2017,36,73.33333333333334
桃園,2017,37,67.81547619047618
桃園,2017,38,65.01785714285715
桃園,2017,39,65.56961697722568
桃園,2017,40,74.90476190476191
桃園,2017,41,81.08333333333333
桃園,2017,42,81.78733766233766
桃園,2017,43,68.93452380952381
桃園,2017,44,76.38121118012423
桃園,2017,45,78.5297619047619
桃園,2017,46,83.69047619047618
桃園,2017,47,86.10740165631469
桃園,2017,48,80.96532091097308
桃園,2017,49,78.16071428571429
桃園,2017,50,78.27380952380952
桃園,2017,51,72.35119047619048
桃園,2017,52,72.58333333333333
