	year,week,total,0,1,2,3,4,5,6,7,8,9,10,11,12,13,14,15,16+,0~15
2008,1,2629689.0,20881.0,22224.0,22332.0,23030.0,23384.0,25336.0,25322.0,30664.0,29237.0,27669.0,33864.0,34311.0,35778.0,34031.0,33572.0,32559.0,2175495.0,454194.0
2008,2,2629944.0,20942.0,22231.0,22320.0,23002.0,23349.0,25349.0,25253.0,30598.0,29292.0,27649.0,33806.0,34335.0,35733.0,34054.0,33577.0,32568.0,2175886.0,454058.0
2008,3,2630200.0,21002.0,22239.0,22308.0,22974.0,23313.0,25362.0,25185.0,30532.0,29347.0,27629.0,33749.0,34359.0,35688.0,34077.0,33582.0,32577.0,2176276.0,453923.0
2008,4,2630455.0,21063.0,22246.0,22296.0,22946.0,23278.0,25376.0,25116.0,30466.0,29403.0,27609.0,33691.0,34382.0,35644.0,34099.0,33588.0,32586.0,2176667.0,453789.0
2008,5,2630711.0,21123.0,22254.0,22284.0,22918.0,23242.0,25389.0,25048.0,30400.0,29458.0,27589.0,33634.0,34406.0,35599.0,34122.0,33593.0,32595.0,2177057.0,453654.0
2008,6,2630966.0,21184.0,22261.0,22272.0,22890.0,23207.0,25402.0,24979.0,30334.0,29513.0,27569.0,33576.0,34430.0,35554.0,34145.0,33598.0,32604.0,2177448.0,453518.0
2008,7,2631126.0,21189.0,22262.0,22276.0,22860.0,23177.0,25342.0,24939.0,30272.0,29481.0,27629.0,33487.0,34399.0,35562.0,34177.0,33602.0,32630.0,2177842.0,453284.0
2008,8,2631286.0,21194.0,22262.0,22281.0,22831.0,23146.0,25282.0,24898.0,30210.0,29449.0,27688.0,33398.0,34368.0,35570.0,34210.0,33606.0,32655.0,2178236.0,453048.0
2008,9,2631445.0,21198.0,22262.0,22286.0,22802.0,23116.0,25222.0,24858.0,30148.0,29417.0,27748.0,33309.0,34337.0,35578.0,34242.0,33611.0,32680.0,2178631.0,452814.0
2008,10,2631605.0,21203.0,22263.0,22290.0,22772.0,23086.0,25162.0,24818.0,30086.0,29385.0,27808.0,33220.0,34306.0,35586.0,34274.0,33615.0,32706.0,2179025.0,452580.0
2008,11,2631477.0,21214.0,22271.0,22258.0,22770.0,23045.0,25138.0,24799.0,30015.0,29393.0,27862.0,33140.0,34291.0,35598.0,34258.0,33629.0,32719.0,2179077.0,452400.0
2008,12,2631349.0,21225.0,22278.0,22226.0,22768.0,23003.0,25114.0,24780.0,29944.0,29401.0,27916.0,33060.0,34276.0,35611.0,34242.0,33642.0,32732.0,2179129.0,452218.0
2008,13,2631222.0,21235.0,22286.0,22195.0,22766.0,22962.0,25090.0,24760.0,29873.0,29410.0,27971.0,32981.0,34262.0,35623.0,34226.0,33656.0,32746.0,2179182.0,452042.0
2008,14,2631094.0,21246.0,22293.0,22163.0,22764.0,22920.0,25066.0,24741.0,29802.0,29418.0,28025.0,32901.0,34247.0,35636.0,34210.0,33669.0,32759.0,2179234.0,451860.0
2008,15,2630966.0,21257.0,22301.0,22131.0,22762.0,22879.0,25042.0,24722.0,29731.0,29426.0,28079.0,32821.0,34232.0,35648.0,34194.0,33683.0,32772.0,2179286.0,451680.0
2008,16,2630853.0,21240.0,22307.0,22103.0,22789.0,22864.0,24968.0,24674.0,29646.0,29422.0,28155.0,32730.0,34203.0,35642.0,34201.0,33663.0,32814.0,2179431.0,451421.0
2008,17,2630740.0,21222.0,22314.0,22076.0,22816.0,22850.0,24894.0,24626.0,29562.0,29418.0,28230.0,32638.0,34174.0,35637.0,34208.0,33642.0,32856.0,2179576.0,451163.0
2008,18,2630628.0,21205.0,22320.0,22048.0,22844.0,22836.0,24820.0,24579.0,29478.0,29415.0,28306.0,32546.0,34145.0,35632.0,34214.0,33622.0,32897.0,2179722.0,450907.0
2008,19,2630515.0,21188.0,22326.0,22020.0,22871.0,22821.0,24746.0,24531.0,29393.0,29411.0,28382.0,32455.0,34116.0,35626.0,34221.0,33602.0,32939.0,2179867.0,450648.0
2008,20,2630434.0,21180.0,22312.0,22009.0,22882.0,22765.0,24716.0,24527.0,29309.0,29401.0,28398.0,32418.0,34122.0,35610.0,34236.0,33612.0,32946.0,2179992.0,450443.0
2008,21,2630353.0,21172.0,22298.0,21998.0,22893.0,22709.0,24686.0,24524.0,29225.0,29391.0,28414.0,32382.0,34127.0,35594.0,34250.0,33622.0,32953.0,2180118.0,450238.0
2008,22,2630272.0,21163.0,22283.0,21987.0,22904.0,22653.0,24657.0,24520.0,29141.0,29381.0,28429.0,32345.0,34132.0,35577.0,34265.0,33631.0,32960.0,2180243.0,450028.0
2008,23,2630191.0,21155.0,22269.0,21976.0,22915.0,22597.0,24627.0,24516.0,29057.0,29371.0,28445.0,32308.0,34138.0,35561.0,34280.0,33641.0,32967.0,2180368.0,449823.0
2008,24,2629893.0,21117.0,22279.0,21972.0,22894.0,22587.0,24600.0,24489.0,28962.0,29396.0,28483.0,32200.0,34174.0,35519.0,34278.0,33629.0,32966.0,2180348.0,449545.0
2008,25,2629594.0,21078.0,22289.0,21969.0,22873.0,22576.0,24573.0,24462.0,28867.0,29421.0,28521.0,32092.0,34211.0,35477.0,34276.0,33617.0,32964.0,2180328.0,449266.0
2008,26,2629296.0,21040.0,22298.0,21965.0,22853.0,22566.0,24545.0,24436.0,28773.0,29446.0,28558.0,31984.0,34247.0,35434.0,34273.0,33606.0,32963.0,2180309.0,448987.0
2008,27,2628997.0,21001.0,22308.0,21962.0,22832.0,22555.0,24518.0,24409.0,28678.0,29471.0,28596.0,31876.0,34284.0,35392.0,34271.0,33594.0,32961.0,2180289.0,448708.0
2008,28,2628699.0,20963.0,22318.0,21958.0,22811.0,22545.0,24491.0,24382.0,28583.0,29496.0,28634.0,31768.0,34320.0,35350.0,34269.0,33582.0,32960.0,2180269.0,448430.0
2008,29,2628053.0,20870.0,22328.0,21960.0,22777.0,22545.0,24464.0,24333.0,28473.0,29519.0,28661.0,31654.0,34305.0,35298.0,34278.0,33548.0,32936.0,2180103.0,447949.0
2008,30,2627406.0,20778.0,22338.0,21962.0,22742.0,22546.0,24436.0,24284.0,28364.0,29542.0,28688.0,31540.0,34290.0,35246.0,34286.0,33514.0,32912.0,2179936.0,447468.0
2008,31,2626760.0,20685.0,22349.0,21965.0,22708.0,22546.0,24409.0,24235.0,28254.0,29564.0,28715.0,31427.0,34275.0,35195.0,34295.0,33480.0,32889.0,2179770.0,446991.0
2008,32,2626114.0,20592.0,22359.0,21967.0,22674.0,22546.0,24382.0,24186.0,28144.0,29587.0,28742.0,31313.0,34260.0,35143.0,34304.0,33446.0,32865.0,2179604.0,446510.0
2008,33,2625319.0,20536.0,22362.0,21989.0,22623.0,22568.0,24299.0,24214.0,27951.0,29664.0,28777.0,31090.0,34326.0,35097.0,34256.0,33446.0,32864.0,2179256.0,446062.0
2008,34,2624524.0,20481.0,22366.0,22010.0,22572.0,22590.0,24216.0,24242.0,27758.0,29742.0,28812.0,30868.0,34392.0,35050.0,34207.0,33446.0,32864.0,2178908.0,445616.0
2008,35,2623728.0,20426.0,22369.0,22032.0,22520.0,22612.0,24134.0,24270.0,27565.0,29819.0,28847.0,30645.0,34457.0,35004.0,34158.0,33447.0,32864.0,2178560.0,445169.0
2008,36,2622933.0,20370.0,22372.0,22054.0,22469.0,22634.0,24051.0,24298.0,27372.0,29896.0,28882.0,30422.0,34523.0,34958.0,34110.0,33447.0,32863.0,2178212.0,444721.0
2008,37,2622854.0,20328.0,22383.0,22075.0,22407.0,22678.0,23972.0,24337.0,27238.0,29970.0,28914.0,30256.0,34568.0,34876.0,34147.0,33429.0,32869.0,2178407.0,444447.0
2008,38,2622775.0,20286.0,22393.0,22096.0,22345.0,22722.0,23893.0,24376.0,27105.0,30045.0,28946.0,30090.0,34613.0,34795.0,34185.0,33410.0,32876.0,2178602.0,444176.0
2008,39,2622697.0,20243.0,22404.0,22117.0,22282.0,22766.0,23814.0,24414.0,26971.0,30119.0,28977.0,29923.0,34657.0,34713.0,34222.0,33392.0,32882.0,2178798.0,443896.0
2008,40,2622618.0,20201.0,22414.0,22138.0,22220.0,22810.0,23735.0,24453.0,26838.0,30194.0,29009.0,29757.0,34702.0,34632.0,34260.0,33373.0,32889.0,2178993.0,443625.0
2008,41,2622539.0,20159.0,22425.0,22159.0,22158.0,22854.0,23656.0,24492.0,26704.0,30268.0,29041.0,29591.0,34747.0,34550.0,34297.0,33355.0,32895.0,2179188.0,443351.0
2008,42,2622436.0,20119.0,22502.0,22183.0,22131.0,22843.0,23579.0,24522.0,26515.0,30345.0,29128.0,29387.0,34708.0,34481.0,34384.0,33362.0,32863.0,2179385.0,443052.0
2008,43,2622332.0,20079.0,22578.0,22206.0,22104.0,22832.0,23502.0,24551.0,26326.0,30422.0,29214.0,29184.0,34668.0,34412.0,34472.0,33368.0,32831.0,2179582.0,442749.0
2008,44,2622228.0,20039.0,22655.0,22230.0,22077.0,22820.0,23425.0,24580.0,26138.0,30498.0,29301.0,28980.0,34628.0,34344.0,34560.0,33375.0,32799.0,2179778.0,442449.0
2008,45,2622125.0,19999.0,22732.0,22254.0,22050.0,22809.0,23348.0,24610.0,25949.0,30575.0,29388.0,28776.0,34589.0,34275.0,34647.0,33382.0,32767.0,2179975.0,442150.0
2008,46,2622324.0,19938.0,22782.0,22237.0,22047.0,22769.0,23327.0,24600.0,25800.0,30664.0,29386.0,28656.0,34595.0,34195.0,34683.0,33397.0,32771.0,2180475.0,441847.0
2008,47,2622524.0,19877.0,22832.0,22220.0,22044.0,22729.0,23306.0,24590.0,25652.0,30754.0,29385.0,28535.0,34601.0,34115.0,34719.0,33412.0,32776.0,2180976.0,441547.0
2008,48,2622724.0,19816.0,22882.0,22203.0,22042.0,22689.0,23286.0,24581.0,25504.0,30844.0,29384.0,28414.0,34607.0,34035.0,34755.0,33428.0,32780.0,2181476.0,441250.0
2008,49,2622923.0,19755.0,22932.0,22186.0,22039.0,22649.0,23265.0,24571.0,25355.0,30933.0,29382.0,28294.0,34613.0,33955.0,34791.0,33443.0,32784.0,2181976.0,440947.0
2008,50,2622715.0,19614.0,22977.0,22168.0,22040.0,22662.0,23185.0,24582.0,25266.0,30909.0,29420.0,28220.0,34523.0,33962.0,34843.0,33423.0,32823.0,2182097.0,440617.0
2008,51,2622506.0,19474.0,23022.0,22150.0,22042.0,22674.0,23105.0,24592.0,25178.0,30885.0,29458.0,28146.0,34433.0,33969.0,34896.0,33404.0,32862.0,2182218.0,440290.0
2008,52,2622298.0,19333.0,23068.0,22132.0,22044.0,22686.0,23025.0,24603.0,25090.0,30861.0,29495.0,28073.0,34343.0,33976.0,34948.0,33384.0,32900.0,2182338.0,439961.0
2009,1,2622090.0,19192.0,23113.0,22114.0,22045.0,22699.0,22945.0,24614.0,25001.0,30837.0,29533.0,27999.0,34253.0,33983.0,35000.0,33364.0,32939.0,2182459.0,439631.0
2009,2,2621727.0,19232.0,23135.0,22120.0,22023.0,22683.0,22894.0,24620.0,24927.0,30783.0,29579.0,27979.0,34203.0,34022.0,34923.0,33377.0,32932.0,2182295.0,439432.0
2009,3,2621363.0,19272.0,23156.0,22127.0,22001.0,22667.0,22842.0,24626.0,24853.0,30729.0,29625.0,27959.0,34154.0,34061.0,34846.0,33390.0,32924.0,2182131.0,439232.0
2009,4,2621000.0,19311.0,23178.0,22133.0,21978.0,22650.0,22791.0,24633.0,24780.0,30675.0,29671.0,27940.0,34104.0,34101.0,34768.0,33404.0,32917.0,2181966.0,439034.0
2009,5,2620636.0,19351.0,23199.0,22140.0,21956.0,22634.0,22739.0,24639.0,24706.0,30621.0,29717.0,27920.0,34055.0,34140.0,34691.0,33417.0,32909.0,2181802.0,438834.0
2009,6,2620273.0,19391.0,23221.0,22146.0,21934.0,22618.0,22688.0,24645.0,24632.0,30567.0,29763.0,27900.0,34005.0,34179.0,34614.0,33430.0,32902.0,2181638.0,438635.0
2009,7,2620185.0,19509.0,23194.0,22140.0,21935.0,22576.0,22666.0,24581.0,24605.0,30500.0,29738.0,27965.0,33921.0,34174.0,34616.0,33464.0,32908.0,2181693.0,438492.0
2009,8,2620096.0,19628.0,23166.0,22135.0,21936.0,22534.0,22644.0,24516.0,24578.0,30432.0,29714.0,28030.0,33836.0,34168.0,34619.0,33497.0,32914.0,2181748.0,438347.0
2009,9,2620008.0,19746.0,23138.0,22130.0,21937.0,22493.0,22622.0,24452.0,24552.0,30364.0,29690.0,28094.0,33752.0,34162.0,34622.0,33530.0,32920.0,2181804.0,438204.0
2009,10,2619920.0,19864.0,23111.0,22124.0,21938.0,22451.0,22600.0,24388.0,24525.0,30297.0,29665.0,28159.0,33668.0,34157.0,34624.0,33564.0,32926.0,2181859.0,438061.0
2009,11,2619631.0,19761.0,23113.0,22129.0,21902.0,22447.0,22565.0,24366.0,24506.0,30225.0,29673.0,28218.0,33585.0,34157.0,34622.0,33547.0,32948.0,2181867.0,437764.0
2009,12,2619342.0,19657.0,23116.0,22135.0,21866.0,22443.0,22530.0,24343.0,24488.0,30153.0,29682.0,28277.0,33501.0,34157.0,34620.0,33529.0,32971.0,2181875.0,437468.0
2009,13,2619054.0,19554.0,23118.0,22140.0,21831.0,22438.0,22494.0,24321.0,24469.0,30080.0,29690.0,28337.0,33418.0,34157.0,34617.0,33512.0,32993.0,2181884.0,437169.0
2009,14,2618765.0,19450.0,23121.0,22146.0,21795.0,22434.0,22459.0,24298.0,24451.0,30008.0,29699.0,28396.0,33334.0,34157.0,34615.0,33494.0,33016.0,2181892.0,436873.0
2009,15,2618476.0,19347.0,23123.0,22151.0,21759.0,22430.0,22424.0,24276.0,24432.0,29936.0,29707.0,28455.0,33251.0,34157.0,34613.0,33477.0,33038.0,2181900.0,436576.0
2009,16,2618248.0,19266.0,23090.0,22144.0,21738.0,22459.0,22420.0,24190.0,24410.0,29852.0,29702.0,28524.0,33161.0,34156.0,34598.0,33490.0,33027.0,2182022.0,436227.0
2009,17,2618021.0,19184.0,23058.0,22137.0,21716.0,22488.0,22415.0,24104.0,24389.0,29768.0,29696.0,28594.0,33072.0,34154.0,34582.0,33504.0,33016.0,2182145.0,435877.0
2009,18,2617794.0,19103.0,23026.0,22130.0,21695.0,22517.0,22410.0,24018.0,24368.0,29683.0,29690.0,28663.0,32982.0,34153.0,34566.0,33517.0,33004.0,2182268.0,435525.0
2009,19,2617566.0,19022.0,22993.0,22123.0,21674.0,22546.0,22406.0,23932.0,24346.0,29599.0,29685.0,28732.0,32892.0,34152.0,34551.0,33530.0,32993.0,2182390.0,435176.0
2009,20,2617304.0,19046.0,22987.0,22114.0,21657.0,22553.0,22368.0,23892.0,24365.0,29510.0,29670.0,28755.0,32854.0,34206.0,34501.0,33545.0,32992.0,2182291.0,435015.0
2009,21,2617043.0,19070.0,22981.0,22105.0,21640.0,22560.0,22331.0,23851.0,24384.0,29420.0,29656.0,28778.0,32816.0,34259.0,34451.0,33560.0,32991.0,2182192.0,434853.0
2009,22,2616782.0,19094.0,22975.0,22096.0,21622.0,22566.0,22294.0,23810.0,24403.0,29331.0,29641.0,28800.0,32777.0,34312.0,34401.0,33576.0,32990.0,2182092.0,434688.0
2009,23,2616520.0,19118.0,22969.0,22087.0,21605.0,22573.0,22256.0,23770.0,24422.0,29242.0,29626.0,28823.0,32739.0,34366.0,34351.0,33591.0,32989.0,2181993.0,434527.0
2009,24,2616273.0,19140.0,22934.0,22091.0,21613.0,22561.0,22259.0,23740.0,24419.0,29153.0,29658.0,28875.0,32632.0,34400.0,34323.0,33601.0,32967.0,2181908.0,434366.0
2009,25,2616026.0,19162.0,22899.0,22095.0,21621.0,22548.0,22262.0,23710.0,24416.0,29064.0,29689.0,28927.0,32526.0,34433.0,34295.0,33611.0,32946.0,2181823.0,434204.0
2009,26,2615779.0,19185.0,22863.0,22100.0,21628.0,22536.0,22265.0,23681.0,24412.0,28975.0,29721.0,28978.0,32419.0,34467.0,34266.0,33621.0,32924.0,2181737.0,434041.0
2009,27,2615532.0,19207.0,22828.0,22104.0,21636.0,22523.0,22268.0,23651.0,24409.0,28886.0,29752.0,29030.0,32313.0,34500.0,34238.0,33631.0,32903.0,2181652.0,433879.0
2009,28,2615285.0,19229.0,22793.0,22108.0,21644.0,22511.0,22271.0,23621.0,24406.0,28797.0,29784.0,29082.0,32206.0,34534.0,34210.0,33641.0,32881.0,2181567.0,433718.0
2009,29,2614615.0,19171.0,22729.0,22122.0,21651.0,22480.0,22299.0,23566.0,24364.0,28687.0,29817.0,29122.0,32096.0,34501.0,34166.0,33642.0,32849.0,2181352.0,433262.0
2009,30,2613945.0,19114.0,22664.0,22137.0,21658.0,22450.0,22326.0,23510.0,24323.0,28576.0,29850.0,29162.0,31986.0,34468.0,34123.0,33642.0,32817.0,2181136.0,432806.0
2009,31,2613275.0,19056.0,22600.0,22152.0,21666.0,22420.0,22354.0,23454.0,24282.0,28466.0,29884.0,29203.0,31875.0,34436.0,34080.0,33642.0,32785.0,2180921.0,432355.0
2009,32,2612605.0,18998.0,22536.0,22166.0,21673.0,22389.0,22382.0,23399.0,24240.0,28356.0,29917.0,29243.0,31765.0,34403.0,34036.0,33643.0,32753.0,2180706.0,431899.0
2009,33,2611803.0,18976.0,22503.0,22166.0,21691.0,22356.0,22380.0,23368.0,24246.0,28201.0,29982.0,29269.0,31582.0,34404.0,34046.0,33608.0,32740.0,2180285.0,431518.0
2009,34,2611001.0,18953.0,22471.0,22166.0,21709.0,22323.0,22378.0,23337.0,24253.0,28046.0,30046.0,29295.0,31400.0,34404.0,34056.0,33572.0,32728.0,2179865.0,431137.0
2009,35,2610200.0,18931.0,22438.0,22165.0,21726.0,22290.0,22376.0,23305.0,24259.0,27891.0,30111.0,29322.0,31217.0,34405.0,34067.0,33537.0,32715.0,2179444.0,430755.0
2009,36,2609398.0,18908.0,22406.0,22165.0,21744.0,22257.0,22374.0,23274.0,24266.0,27736.0,30175.0,29348.0,31035.0,34405.0,34077.0,33501.0,32703.0,2179024.0,430374.0
2009,37,2608596.0,18886.0,22373.0,22165.0,21762.0,22224.0,22372.0,23243.0,24272.0,27581.0,30240.0,29374.0,30852.0,34406.0,34087.0,33466.0,32690.0,2178603.0,429993.0
2009,38,2608494.0,18854.0,22324.0,22176.0,21787.0,22157.0,22414.0,23179.0,24301.0,27412.0,30330.0,29408.0,30638.0,34443.0,34014.0,33518.0,32672.0,2178867.0,429627.0
2009,39,2608391.0,18822.0,22276.0,22187.0,21812.0,22090.0,22456.0,23114.0,24330.0,27242.0,30421.0,29442.0,30424.0,34480.0,33940.0,33569.0,32654.0,2179131.0,429259.0
2009,40,2608288.0,18790.0,22227.0,22198.0,21836.0,22023.0,22499.0,23050.0,24360.0,27073.0,30512.0,29475.0,30209.0,34517.0,33867.0,33620.0,32637.0,2179395.0,428893.0
2009,41,2608186.0,18758.0,22178.0,22209.0,21861.0,21956.0,22541.0,22986.0,24389.0,26904.0,30602.0,29509.0,29995.0,34554.0,33794.0,33672.0,32619.0,2179659.0,428527.0
2009,42,2608109.0,18736.0,22090.0,22284.0,21887.0,21927.0,22528.0,22943.0,24410.0,26725.0,30678.0,29596.0,29792.0,34522.0,33743.0,33769.0,32634.0,2179846.0,428264.0
2009,43,2608032.0,18714.0,22003.0,22358.0,21912.0,21898.0,22514.0,22900.0,24432.0,26546.0,30753.0,29682.0,29588.0,34491.0,33692.0,33866.0,32648.0,2180032.0,427997.0
2009,44,2607956.0,18693.0,21916.0,22433.0,21938.0,21869.0,22501.0,22857.0,24453.0,26368.0,30828.0,29769.0,29385.0,34460.0,33641.0,33963.0,32662.0,2180219.0,427736.0
2009,45,2607879.0,18671.0,21828.0,22508.0,21964.0,21840.0,22488.0,22814.0,24474.0,26189.0,30904.0,29856.0,29182.0,34428.0,33590.0,34060.0,32677.0,2180406.0,427473.0
2009,46,2607789.0,18704.0,21768.0,22550.0,21952.0,21829.0,22464.0,22797.0,24464.0,26066.0,30980.0,29855.0,29084.0,34429.0,33529.0,34096.0,32699.0,2180521.0,427266.0
2009,47,2607699.0,18737.0,21708.0,22592.0,21940.0,21818.0,22441.0,22781.0,24454.0,25943.0,31056.0,29855.0,28987.0,34430.0,33469.0,34132.0,32722.0,2180635.0,427065.0
2009,48,2607608.0,18769.0,21649.0,22635.0,21928.0,21807.0,22417.0,22764.0,24443.0,25819.0,31132.0,29854.0,28889.0,34432.0,33408.0,34167.0,32744.0,2180750.0,426857.0
2009,49,2607518.0,18802.0,21589.0,22677.0,21916.0,21796.0,22394.0,22748.0,24433.0,25696.0,31208.0,29854.0,28792.0,34433.0,33348.0,34203.0,32767.0,2180864.0,426656.0
2009,50,2607428.0,18835.0,21529.0,22719.0,21904.0,21785.0,22370.0,22731.0,24423.0,25573.0,31284.0,29853.0,28694.0,34434.0,33287.0,34239.0,32789.0,2180979.0,426449.0
2009,51,2607109.0,18837.0,21456.0,22766.0,21894.0,21782.0,22360.0,22659.0,24422.0,25481.0,31266.0,29886.0,28623.0,34351.0,33290.0,34288.0,32774.0,2180972.0,426135.0
2009,52,2606790.0,18840.0,21383.0,22814.0,21884.0,21780.0,22349.0,22586.0,24422.0,25389.0,31248.0,29920.0,28552.0,34268.0,33294.0,34338.0,32759.0,2180965.0,425826.0
2009,53,2606470.0,18842.0,21310.0,22861.0,21875.0,21778.0,22338.0,22514.0,24422.0,25297.0,31229.0,29953.0,28480.0,34185.0,33298.0,34388.0,32744.0,2180958.0,425514.0
2010,1,2606151.0,18844.0,21237.0,22908.0,21865.0,21775.0,22328.0,22442.0,24421.0,25205.0,31211.0,29986.0,28409.0,34102.0,33301.0,34437.0,32729.0,2180951.0,425200.0
2010,2,2605879.0,18779.0,21224.0,22933.0,21877.0,21745.0,22298.0,22395.0,24432.0,25108.0,31151.0,30047.0,28381.0,34047.0,33354.0,34354.0,32759.0,2180996.0,424884.0
2010,3,2605607.0,18714.0,21210.0,22958.0,21888.0,21715.0,22267.0,22348.0,24442.0,25011.0,31090.0,30108.0,28352.0,33992.0,33408.0,34272.0,32788.0,2181042.0,424563.0
2010,4,2605335.0,18649.0,21196.0,22983.0,21900.0,21685.0,22236.0,22301.0,24453.0,24914.0,31030.0,30169.0,28324.0,33937.0,33462.0,34190.0,32818.0,2181087.0,424247.0
2010,5,2605063.0,18584.0,21183.0,23008.0,21912.0,21655.0,22206.0,22254.0,24464.0,24817.0,30970.0,30230.0,28296.0,33882.0,33515.0,34107.0,32848.0,2181132.0,423931.0
2010,6,2604983.0,18625.0,21137.0,22984.0,21900.0,21661.0,22171.0,22224.0,24418.0,24792.0,30889.0,30218.0,28379.0,33822.0,33492.0,34107.0,32884.0,2181280.0,423703.0
2010,7,2604904.0,18666.0,21091.0,22960.0,21889.0,21666.0,22136.0,22193.0,24372.0,24767.0,30808.0,30206.0,28462.0,33762.0,33468.0,34108.0,32921.0,2181428.0,423475.0
2010,8,2604824.0,18707.0,21045.0,22935.0,21878.0,21672.0,22101.0,22162.0,24327.0,24742.0,30728.0,30194.0,28545.0,33701.0,33445.0,34108.0,32958.0,2181576.0,423248.0
2010,9,2604744.0,18748.0,20999.0,22911.0,21866.0,21678.0,22066.0,22132.0,24281.0,24717.0,30647.0,30182.0,28628.0,33641.0,33422.0,34108.0,32994.0,2181724.0,423020.0
2010,10,2604525.0,18728.0,20983.0,22908.0,21870.0,21638.0,22059.0,22099.0,24263.0,24699.0,30572.0,30179.0,28690.0,33598.0,33398.0,34105.0,32978.0,2181757.0,422767.0
2010,11,2604307.0,18708.0,20968.0,22905.0,21874.0,21598.0,22052.0,22066.0,24246.0,24681.0,30498.0,30176.0,28752.0,33554.0,33374.0,34103.0,32963.0,2181790.0,422518.0
2010,12,2604088.0,18688.0,20952.0,22901.0,21877.0,21559.0,22044.0,22033.0,24228.0,24662.0,30423.0,30174.0,28814.0,33511.0,33350.0,34100.0,32947.0,2181824.0,422263.0
2010,13,2603870.0,18668.0,20937.0,22898.0,21881.0,21519.0,22037.0,22000.0,24211.0,24644.0,30349.0,30171.0,28876.0,33467.0,33326.0,34098.0,32932.0,2181857.0,422014.0
2010,14,2603651.0,18648.0,20921.0,22895.0,21885.0,21479.0,22030.0,21967.0,24193.0,24626.0,30274.0,30168.0,28938.0,33424.0,33302.0,34095.0,32916.0,2181890.0,421761.0
2010,15,2603776.0,18653.0,20963.0,22889.0,21889.0,21460.0,22066.0,21943.0,24121.0,24616.0,30182.0,30154.0,29002.0,33364.0,33274.0,34077.0,32932.0,2182190.0,421585.0
2010,16,2603900.0,18658.0,21005.0,22882.0,21892.0,21440.0,22102.0,21920.0,24048.0,24606.0,30091.0,30140.0,29067.0,33304.0,33246.0,34060.0,32948.0,2182491.0,421409.0
2010,17,2604025.0,18664.0,21047.0,22876.0,21896.0,21421.0,22137.0,21896.0,23976.0,24596.0,30000.0,30125.0,29132.0,33243.0,33218.0,34042.0,32965.0,2182792.0,421234.0
2010,18,2604150.0,18669.0,21089.0,22870.0,21900.0,21402.0,22173.0,21872.0,23904.0,24586.0,29908.0,30111.0,29196.0,33183.0,33190.0,34024.0,32981.0,2183092.0,421058.0
2010,19,2603894.0,18662.0,21097.0,22878.0,21893.0,21387.0,22198.0,21825.0,23873.0,24591.0,29831.0,30097.0,29210.0,33165.0,33188.0,33986.0,32983.0,2183029.0,420864.0
2010,20,2603637.0,18655.0,21105.0,22886.0,21886.0,21372.0,22223.0,21778.0,23842.0,24596.0,29754.0,30084.0,29224.0,33147.0,33186.0,33948.0,32985.0,2182966.0,420671.0
2010,21,2603381.0,18649.0,21112.0,22894.0,21880.0,21358.0,22249.0,21730.0,23811.0,24602.0,29677.0,30070.0,29238.0,33128.0,33184.0,33909.0,32987.0,2182903.0,420478.0
2010,22,2603124.0,18642.0,21120.0,22902.0,21873.0,21343.0,22274.0,21683.0,23780.0,24607.0,29600.0,30057.0,29252.0,33110.0,33182.0,33871.0,32989.0,2182840.0,420285.0
2010,23,2602868.0,18635.0,21128.0,22910.0,21866.0,21328.0,22299.0,21636.0,23749.0,24612.0,29523.0,30043.0,29266.0,33092.0,33180.0,33833.0,32991.0,2182777.0,420091.0
2010,24,2603490.0,18595.0,21163.0,22915.0,21890.0,21344.0,22300.0,21637.0,23715.0,24600.0,29406.0,30072.0,29318.0,32944.0,33232.0,33796.0,33002.0,2183561.0,419929.0
2010,25,2604112.0,18554.0,21198.0,22920.0,21914.0,21360.0,22301.0,21638.0,23680.0,24588.0,29290.0,30101.0,29371.0,32796.0,33284.0,33759.0,33012.0,2184345.0,419766.0
2010,26,2604735.0,18514.0,21234.0,22925.0,21938.0,21376.0,22302.0,21640.0,23646.0,24577.0,29173.0,30130.0,29424.0,32647.0,33336.0,33722.0,33022.0,2185129.0,419606.0
2010,27,2605357.0,18474.0,21269.0,22930.0,21962.0,21392.0,22303.0,21641.0,23612.0,24565.0,29056.0,30159.0,29476.0,32499.0,33388.0,33685.0,33033.0,2185913.0,419444.0
2010,28,2605345.0,18439.0,21313.0,22894.0,21996.0,21402.0,22301.0,21644.0,23576.0,24535.0,28949.0,30189.0,29524.0,32366.0,33376.0,33642.0,33060.0,2186140.0,419206.0
2010,29,2605333.0,18404.0,21358.0,22858.0,22030.0,21413.0,22300.0,21646.0,23540.0,24504.0,28842.0,30220.0,29572.0,32234.0,33363.0,33598.0,33087.0,2186366.0,418969.0
2010,30,2605321.0,18368.0,21402.0,22821.0,22064.0,21424.0,22298.0,21649.0,23504.0,24474.0,28735.0,30250.0,29619.0,32101.0,33350.0,33554.0,33114.0,2186593.0,418727.0
2010,31,2605309.0,18333.0,21446.0,22785.0,22098.0,21434.0,22296.0,21652.0,23468.0,24444.0,28628.0,30280.0,29667.0,31968.0,33338.0,33511.0,33141.0,2186820.0,418489.0
2010,32,2606032.0,18392.0,21509.0,22804.0,22161.0,21511.0,22302.0,21681.0,23422.0,24455.0,28487.0,30341.0,29697.0,31742.0,33406.0,33519.0,33107.0,2187495.0,418536.0
2010,33,2606755.0,18451.0,21571.0,22823.0,22225.0,21588.0,22308.0,21710.0,23376.0,24467.0,28346.0,30402.0,29727.0,31516.0,33473.0,33527.0,33073.0,2188170.0,418583.0
2010,34,2607477.0,18511.0,21634.0,22843.0,22288.0,21664.0,22315.0,21740.0,23329.0,24478.0,28204.0,30463.0,29758.0,31291.0,33541.0,33535.0,33039.0,2188846.0,418633.0
2010,35,2608200.0,18570.0,21696.0,22862.0,22352.0,21741.0,22321.0,21769.0,23283.0,24490.0,28063.0,30524.0,29788.0,31065.0,33608.0,33543.0,33005.0,2189521.0,418680.0
2010,36,2608923.0,18629.0,21759.0,22881.0,22415.0,21818.0,22327.0,21798.0,23237.0,24501.0,27922.0,30585.0,29818.0,30839.0,33676.0,33551.0,32971.0,2190196.0,418727.0
2010,37,2609960.0,18562.0,21828.0,22882.0,22466.0,21877.0,22293.0,21868.0,23166.0,24529.0,27743.0,30676.0,29848.0,30598.0,33756.0,33482.0,33020.0,2191366.0,418594.0
2010,38,2610997.0,18494.0,21898.0,22882.0,22518.0,21936.0,22258.0,21938.0,23095.0,24558.0,27564.0,30766.0,29879.0,30356.0,33836.0,33414.0,33070.0,2192536.0,418462.0
2010,39,2612034.0,18426.0,21967.0,22883.0,22570.0,21995.0,22224.0,22009.0,23024.0,24586.0,27384.0,30856.0,29910.0,30115.0,33915.0,33346.0,33119.0,2193705.0,418329.0
2010,40,2613071.0,18359.0,22036.0,22884.0,22621.0,22054.0,22190.0,22079.0,22953.0,24614.0,27205.0,30947.0,29940.0,29874.0,33995.0,33277.0,33168.0,2194875.0,418196.0
2010,41,2613706.0,18370.0,22046.0,22824.0,22722.0,22103.0,22168.0,22091.0,22894.0,24627.0,27022.0,31010.0,30032.0,29655.0,33973.0,33216.0,33265.0,2195688.0,418018.0
2010,42,2614342.0,18381.0,22055.0,22764.0,22824.0,22152.0,22147.0,22102.0,22836.0,24640.0,26840.0,31072.0,30124.0,29436.0,33950.0,33156.0,33362.0,2196502.0,417841.0
2010,43,2614978.0,18392.0,22064.0,22703.0,22925.0,22202.0,22126.0,22114.0,22777.0,24652.0,26657.0,31134.0,30216.0,29218.0,33928.0,33096.0,33458.0,2197316.0,417662.0
2010,44,2615613.0,18403.0,22074.0,22643.0,23026.0,22251.0,22104.0,22126.0,22718.0,24665.0,26474.0,31197.0,30308.0,28999.0,33906.0,33035.0,33555.0,2198129.0,417484.0
2010,45,2616245.0,18449.0,22128.0,22623.0,23098.0,22270.0,22115.0,22131.0,22695.0,24663.0,26352.0,31277.0,30311.0,28900.0,33903.0,32981.0,33594.0,2198753.0,417490.0
2010,46,2616877.0,18494.0,22182.0,22603.0,23169.0,22290.0,22126.0,22136.0,22673.0,24661.0,26231.0,31358.0,30314.0,28802.0,33901.0,32927.0,33633.0,2199376.0,417500.0
2010,47,2617508.0,18540.0,22236.0,22584.0,23241.0,22309.0,22136.0,22140.0,22650.0,24660.0,26109.0,31438.0,30318.0,28703.0,33898.0,32874.0,33673.0,2200000.0,417509.0
2010,48,2618140.0,18585.0,22290.0,22564.0,23312.0,22329.0,22147.0,22145.0,22628.0,24658.0,25988.0,31519.0,30321.0,28605.0,33896.0,32820.0,33712.0,2200623.0,417519.0
2010,49,2618772.0,18631.0,22344.0,22544.0,23384.0,22348.0,22158.0,22150.0,22605.0,24656.0,25866.0,31599.0,30324.0,28506.0,33893.0,32766.0,33751.0,2201247.0,417525.0
2010,50,2619800.0,18734.0,22384.0,22539.0,23453.0,22371.0,22162.0,22174.0,22547.0,24654.0,25780.0,31576.0,30364.0,28451.0,33804.0,32764.0,33816.0,2202225.0,417573.0
2010,51,2620828.0,18837.0,22424.0,22534.0,23522.0,22394.0,22166.0,22197.0,22490.0,24652.0,25695.0,31554.0,30404.0,28396.0,33716.0,32761.0,33881.0,2203203.0,417623.0
2010,52,2621855.0,18940.0,22465.0,22530.0,23592.0,22417.0,22171.0,22220.0,22432.0,24649.0,25610.0,31531.0,30445.0,28342.0,33628.0,32758.0,33946.0,2204181.0,417676.0
2011,1,2622883.0,19043.0,22505.0,22525.0,23661.0,22440.0,22175.0,22244.0,22374.0,24647.0,25524.0,31508.0,30485.0,28287.0,33539.0,32756.0,34011.0,2205159.0,417724.0
2011,2,2623265.0,19078.0,22517.0,22540.0,23711.0,22463.0,22150.0,22246.0,22343.0,24655.0,25449.0,31453.0,30521.0,28279.0,33487.0,32801.0,33938.0,2205633.0,417631.0
2011,3,2623646.0,19113.0,22529.0,22555.0,23762.0,22486.0,22125.0,22249.0,22312.0,24663.0,25375.0,31398.0,30556.0,28271.0,33436.0,32845.0,33865.0,2206106.0,417540.0
2011,4,2624028.0,19147.0,22542.0,22571.0,23812.0,22510.0,22101.0,22251.0,22280.0,24670.0,25300.0,31342.0,30592.0,28263.0,33384.0,32890.0,33793.0,2206580.0,417448.0
2011,5,2624409.0,19182.0,22554.0,22586.0,23863.0,22533.0,22076.0,22254.0,22249.0,24678.0,25226.0,31287.0,30627.0,28255.0,33333.0,32934.0,33720.0,2207053.0,417357.0
2011,6,2624791.0,19217.0,22566.0,22601.0,23913.0,22556.0,22051.0,22256.0,22218.0,24686.0,25151.0,31232.0,30663.0,28247.0,33281.0,32979.0,33647.0,2207527.0,417264.0
2011,7,2625512.0,19426.0,22580.0,22622.0,23930.0,22573.0,22065.0,22230.0,22195.0,24640.0,25127.0,31155.0,30651.0,28341.0,33198.0,32951.0,33656.0,2208172.0,417340.0
2011,8,2626234.0,19636.0,22594.0,22644.0,23946.0,22590.0,22078.0,22204.0,22172.0,24593.0,25103.0,31078.0,30639.0,28435.0,33116.0,32923.0,33666.0,2208816.0,417417.0
2011,9,2626956.0,19846.0,22607.0,22666.0,23962.0,22608.0,22092.0,22177.0,22150.0,24546.0,25079.0,31001.0,30627.0,28529.0,33034.0,32895.0,33676.0,2209461.0,417495.0
2011,10,2627677.0,20055.0,22621.0,22687.0,23979.0,22625.0,22106.0,22151.0,22127.0,24500.0,25055.0,30924.0,30615.0,28623.0,32951.0,32867.0,33685.0,2210106.0,417571.0
2011,11,2628329.0,20153.0,22647.0,22698.0,23996.0,22636.0,22075.0,22150.0,22092.0,24470.0,25036.0,30833.0,30612.0,28736.0,32836.0,32853.0,33686.0,2210818.0,417509.0
2011,12,2628981.0,20252.0,22674.0,22710.0,24013.0,22648.0,22044.0,22150.0,22058.0,24440.0,25016.0,30742.0,30610.0,28848.0,32722.0,32839.0,33687.0,2211529.0,417453.0
2011,13,2629633.0,20350.0,22700.0,22721.0,24030.0,22660.0,22014.0,22149.0,22024.0,24410.0,24996.0,30651.0,30608.0,28961.0,32608.0,32825.0,33688.0,2212240.0,417395.0
2011,14,2630285.0,20448.0,22726.0,22732.0,24047.0,22671.0,21983.0,22148.0,21989.0,24380.0,24977.0,30560.0,30605.0,29074.0,32493.0,32811.0,33689.0,2212952.0,417333.0
2011,15,2630975.0,20622.0,22719.0,22776.0,24051.0,22692.0,21969.0,22171.0,21975.0,24311.0,24962.0,30477.0,30590.0,29181.0,32404.0,32794.0,33666.0,2213614.0,417360.0
2011,16,2631664.0,20796.0,22712.0,22820.0,24056.0,22714.0,21955.0,22194.0,21960.0,24242.0,24946.0,30394.0,30574.0,29288.0,32314.0,32776.0,33642.0,2214277.0,417383.0
2011,17,2632354.0,20971.0,22706.0,22865.0,24060.0,22736.0,21941.0,22218.0,21946.0,24173.0,24931.0,30312.0,30558.0,29396.0,32224.0,32759.0,33619.0,2214940.0,417415.0
2011,18,2633044.0,21145.0,22699.0,22909.0,24064.0,22757.0,21927.0,22241.0,21932.0,24104.0,24916.0,30229.0,30543.0,29503.0,32135.0,32742.0,33596.0,2215602.0,417442.0
2011,19,2633588.0,21271.0,22694.0,22935.0,24097.0,22751.0,21939.0,22217.0,21896.0,24072.0,24919.0,30159.0,30533.0,29550.0,32106.0,32748.0,33547.0,2216153.0,417434.0
2011,20,2634133.0,21398.0,22690.0,22961.0,24130.0,22745.0,21951.0,22193.0,21860.0,24040.0,24921.0,30089.0,30523.0,29598.0,32078.0,32754.0,33498.0,2216704.0,417429.0
2011,21,2634677.0,21524.0,22685.0,22988.0,24163.0,22740.0,21962.0,22168.0,21825.0,24008.0,24924.0,30020.0,30512.0,29645.0,32049.0,32760.0,33448.0,2217256.0,417421.0
2011,22,2635222.0,21651.0,22681.0,23014.0,24196.0,22734.0,21974.0,22144.0,21789.0,23976.0,24926.0,29950.0,30502.0,29693.0,32021.0,32766.0,33399.0,2217807.0,417416.0
2011,23,2635766.0,21777.0,22676.0,23040.0,24229.0,22728.0,21986.0,22120.0,21753.0,23944.0,24929.0,29880.0,30492.0,29740.0,31992.0,32772.0,33350.0,2218358.0,417408.0
2011,24,2636291.0,21886.0,22654.0,23091.0,24211.0,22750.0,22017.0,22072.0,21770.0,23922.0,24915.0,29769.0,30507.0,29800.0,31856.0,32831.0,33293.0,2218948.0,417344.0
2011,25,2636816.0,21996.0,22631.0,23142.0,24193.0,22772.0,22048.0,22025.0,21786.0,23900.0,24900.0,29658.0,30522.0,29861.0,31720.0,32890.0,33236.0,2219538.0,417280.0
2011,26,2637341.0,22106.0,22608.0,23192.0,24175.0,22793.0,22078.0,21978.0,21802.0,23877.0,24886.0,29547.0,30537.0,29922.0,31583.0,32949.0,33180.0,2220127.0,417213.0
2011,27,2637866.0,22215.0,22586.0,23243.0,24157.0,22815.0,22109.0,21930.0,21819.0,23855.0,24872.0,29436.0,30552.0,29982.0,31447.0,33008.0,33123.0,2220717.0,417149.0
2011,28,2638166.0,22344.0,22578.0,23306.0,24113.0,22857.0,22140.0,21900.0,21817.0,23815.0,24841.0,29331.0,30581.0,30018.0,31340.0,32999.0,33066.0,2221122.0,417046.0
2011,29,2638465.0,22472.0,22570.0,23368.0,24069.0,22900.0,22171.0,21869.0,21816.0,23775.0,24810.0,29226.0,30610.0,30054.0,31232.0,32990.0,33009.0,2221526.0,416941.0
2011,30,2638764.0,22601.0,22561.0,23431.0,24025.0,22942.0,22202.0,21838.0,21814.0,23735.0,24778.0,29120.0,30638.0,30089.0,31124.0,32982.0,32952.0,2221930.0,416832.0
2011,31,2639064.0,22730.0,22553.0,23494.0,23981.0,22984.0,22233.0,21808.0,21812.0,23695.0,24747.0,29015.0,30667.0,30125.0,31017.0,32973.0,32895.0,2222335.0,416729.0
2011,32,2639271.0,22915.0,22549.0,23519.0,23983.0,22996.0,22270.0,21786.0,21831.0,23653.0,24752.0,28865.0,30725.0,30120.0,30843.0,33024.0,32909.0,2222530.0,416740.0
2011,33,2639478.0,23100.0,22546.0,23544.0,23986.0,23008.0,22307.0,21764.0,21850.0,23611.0,24757.0,28715.0,30782.0,30115.0,30670.0,33075.0,32923.0,2222726.0,416753.0
2011,34,2639685.0,23285.0,22542.0,23569.0,23988.0,23020.0,22345.0,21741.0,21868.0,23569.0,24763.0,28564.0,30840.0,30111.0,30496.0,33126.0,32936.0,2222921.0,416763.0
2011,35,2639892.0,23470.0,22539.0,23594.0,23991.0,23032.0,22382.0,21719.0,21887.0,23527.0,24768.0,28414.0,30897.0,30106.0,30323.0,33177.0,32950.0,2223117.0,416776.0
2011,36,2640099.0,23655.0,22535.0,23619.0,23993.0,23044.0,22419.0,21697.0,21906.0,23485.0,24773.0,28264.0,30955.0,30101.0,30149.0,33228.0,32964.0,2223312.0,416787.0
2011,37,2640858.0,23685.0,22493.0,23672.0,23960.0,23086.0,22442.0,21665.0,21947.0,23414.0,24797.0,28092.0,31050.0,30118.0,29948.0,33301.0,32899.0,2224289.0,416569.0
2011,38,2641618.0,23715.0,22452.0,23726.0,23928.0,23129.0,22464.0,21632.0,21988.0,23343.0,24821.0,27920.0,31146.0,30134.0,29746.0,33374.0,32834.0,2225266.0,416352.0
2011,39,2642377.0,23745.0,22410.0,23779.0,23895.0,23172.0,22486.0,21600.0,22030.0,23272.0,24845.0,27749.0,31242.0,30151.0,29545.0,33446.0,32768.0,2226242.0,416135.0
2011,40,2643136.0,23775.0,22368.0,23832.0,23862.0,23214.0,22509.0,21568.0,22071.0,23201.0,24869.0,27577.0,31337.0,30168.0,29344.0,33519.0,32703.0,2227219.0,415917.0
2011,41,2643933.0,23884.0,22382.0,23835.0,23800.0,23298.0,22530.0,21571.0,22068.0,23151.0,24883.0,27428.0,31391.0,30233.0,29206.0,33503.0,32665.0,2228105.0,415828.0
2011,42,2644730.0,23993.0,22396.0,23837.0,23738.0,23382.0,22551.0,21574.0,22065.0,23102.0,24897.0,27280.0,31444.0,30298.0,29068.0,33487.0,32628.0,2228991.0,415740.0
2011,43,2645528.0,24102.0,22410.0,23840.0,23676.0,23466.0,22571.0,21578.0,22063.0,23052.0,24911.0,27131.0,31498.0,30362.0,28930.0,33470.0,32590.0,2229877.0,415650.0
2011,44,2646325.0,24211.0,22424.0,23842.0,23614.0,23550.0,22592.0,21581.0,22060.0,23003.0,24925.0,26983.0,31551.0,30427.0,28792.0,33454.0,32553.0,2230763.0,415562.0
2011,45,2647122.0,24320.0,22438.0,23845.0,23552.0,23634.0,22613.0,21584.0,22057.0,22953.0,24939.0,26834.0,31605.0,30492.0,28654.0,33438.0,32515.0,2231649.0,415473.0
2011,46,2648084.0,24503.0,22400.0,23882.0,23512.0,23690.0,22608.0,21610.0,22033.0,22922.0,24930.0,26669.0,31707.0,30492.0,28556.0,33445.0,32454.0,2232670.0,415413.0
2011,47,2649045.0,24686.0,22363.0,23920.0,23473.0,23746.0,22602.0,21636.0,22010.0,22890.0,24922.0,26504.0,31808.0,30492.0,28458.0,33452.0,32393.0,2233690.0,415355.0
2011,48,2650006.0,24869.0,22326.0,23958.0,23434.0,23802.0,22597.0,21662.0,21986.0,22858.0,24913.0,26339.0,31910.0,30492.0,28361.0,33458.0,32332.0,2234710.0,415297.0
2011,49,2650968.0,25052.0,22288.0,23995.0,23394.0,23858.0,22592.0,21688.0,21962.0,22827.0,24904.0,26174.0,32012.0,30492.0,28263.0,33465.0,32271.0,2235731.0,415237.0
2011,50,2651466.0,25040.0,22355.0,23991.0,23380.0,23909.0,22586.0,21700.0,21964.0,22755.0,24907.0,26083.0,31987.0,30524.0,28216.0,33377.0,32278.0,2236414.0,415052.0
2011,51,2651964.0,25028.0,22422.0,23988.0,23366.0,23960.0,22580.0,21712.0,21966.0,22682.0,24910.0,25992.0,31962.0,30555.0,28170.0,33290.0,32284.0,2237096.0,414867.0
2011,52,2652461.0,25015.0,22490.0,23984.0,23352.0,24011.0,22574.0,21724.0,21969.0,22610.0,24912.0,25902.0,31937.0,30586.0,28124.0,33202.0,32291.0,2237778.0,414683.0
2012,1,2652959.0,25003.0,22557.0,23980.0,23338.0,24062.0,22568.0,21736.0,21971.0,22538.0,24915.0,25811.0,31912.0,30618.0,28077.0,33114.0,32298.0,2238461.0,414498.0
2012,2,2653157.0,25113.0,22615.0,23985.0,23329.0,24107.0,22571.0,21715.0,21946.0,22515.0,24926.0,25734.0,31857.0,30667.0,28066.0,33060.0,32333.0,2238618.0,414539.0
2012,3,2653355.0,25223.0,22673.0,23989.0,23319.0,24152.0,22574.0,21694.0,21922.0,22492.0,24937.0,25657.0,31802.0,30716.0,28055.0,33007.0,32369.0,2238775.0,414581.0
2012,4,2653552.0,25333.0,22730.0,23994.0,23310.0,24196.0,22577.0,21673.0,21897.0,22468.0,24948.0,25581.0,31746.0,30764.0,28044.0,32953.0,32404.0,2238933.0,414618.0
2012,5,2653750.0,25443.0,22788.0,23998.0,23300.0,24241.0,22580.0,21652.0,21873.0,22445.0,24959.0,25504.0,31691.0,30813.0,28033.0,32900.0,32440.0,2239090.0,414660.0
2012,6,2653948.0,25553.0,22846.0,24003.0,23291.0,24286.0,22583.0,21631.0,21848.0,22422.0,24970.0,25427.0,31636.0,30862.0,28022.0,32846.0,32475.0,2239247.0,414701.0
2012,7,2654589.0,25656.0,22984.0,23993.0,23304.0,24281.0,22573.0,21645.0,21832.0,22398.0,24923.0,25409.0,31588.0,30859.0,28097.0,32765.0,32457.0,2239822.0,414764.0
2012,8,2655230.0,25760.0,23123.0,23984.0,23316.0,24276.0,22564.0,21658.0,21816.0,22375.0,24876.0,25390.0,31541.0,30856.0,28172.0,32684.0,32440.0,2240398.0,414831.0
2012,9,2655871.0,25863.0,23262.0,23974.0,23329.0,24271.0,22554.0,21672.0,21801.0,22352.0,24830.0,25372.0,31494.0,30854.0,28246.0,32604.0,32422.0,2240974.0,414900.0
2012,10,2656512.0,25966.0,23400.0,23964.0,23342.0,24266.0,22544.0,21686.0,21785.0,22328.0,24783.0,25354.0,31446.0,30851.0,28321.0,32523.0,32404.0,2241549.0,414963.0
2012,11,2657055.0,26030.0,23528.0,23970.0,23343.0,24278.0,22538.0,21649.0,21784.0,22297.0,24757.0,25335.0,31363.0,30865.0,28411.0,32416.0,32384.0,2242106.0,414948.0
2012,12,2657598.0,26094.0,23656.0,23976.0,23344.0,24290.0,22533.0,21612.0,21783.0,22266.0,24732.0,25316.0,31280.0,30878.0,28502.0,32309.0,32364.0,2242664.0,414935.0
2012,13,2658142.0,26159.0,23785.0,23981.0,23346.0,24301.0,22528.0,21574.0,21782.0,22236.0,24706.0,25296.0,31197.0,30892.0,28592.0,32202.0,32345.0,2243221.0,414922.0
2012,14,2658685.0,26223.0,23913.0,23987.0,23347.0,24313.0,22522.0,21537.0,21781.0,22205.0,24680.0,25277.0,31114.0,30906.0,28682.0,32095.0,32325.0,2243778.0,414907.0
2012,15,2659151.0,26313.0,24042.0,23964.0,23367.0,24296.0,22522.0,21489.0,21812.0,22193.0,24629.0,25264.0,31038.0,30906.0,28740.0,32032.0,32308.0,2244237.0,414915.0
2012,16,2659618.0,26403.0,24170.0,23940.0,23386.0,24279.0,22522.0,21441.0,21843.0,22180.0,24578.0,25252.0,30962.0,30907.0,28798.0,31968.0,32292.0,2244696.0,414921.0
2012,17,2660084.0,26493.0,24299.0,23917.0,23406.0,24263.0,22523.0,21394.0,21873.0,22168.0,24528.0,25239.0,30885.0,30907.0,28855.0,31905.0,32275.0,2245155.0,414930.0
2012,18,2660551.0,26583.0,24427.0,23893.0,23425.0,24246.0,22523.0,21346.0,21904.0,22155.0,24477.0,25227.0,30809.0,30908.0,28913.0,31841.0,32259.0,2245614.0,414936.0
2012,19,2661017.0,26673.0,24556.0,23870.0,23445.0,24229.0,22523.0,21298.0,21935.0,22143.0,24426.0,25214.0,30733.0,30908.0,28971.0,31778.0,32242.0,2246073.0,414944.0
2012,20,2661578.0,26810.0,24686.0,23851.0,23473.0,24258.0,22527.0,21287.0,21954.0,22091.0,24386.0,25224.0,30636.0,30904.0,29003.0,31738.0,32250.0,2246498.0,415078.0
2012,21,2662140.0,26948.0,24816.0,23832.0,23502.0,24287.0,22530.0,21276.0,21974.0,22040.0,24346.0,25234.0,30540.0,30900.0,29035.0,31697.0,32259.0,2246924.0,415216.0
2012,22,2662702.0,27085.0,24947.0,23813.0,23530.0,24316.0,22534.0,21265.0,21994.0,21988.0,24307.0,25245.0,30443.0,30897.0,29067.0,31656.0,32268.0,2247349.0,415355.0
2012,23,2663263.0,27222.0,25077.0,23794.0,23558.0,24345.0,22538.0,21254.0,22013.0,21936.0,24267.0,25255.0,30346.0,30893.0,29099.0,31616.0,32276.0,2247774.0,415489.0
2012,24,2663569.0,27198.0,25242.0,23768.0,23606.0,24338.0,22562.0,21239.0,21999.0,21940.0,24241.0,25236.0,30223.0,30897.0,29177.0,31493.0,32318.0,2248093.0,415477.0
2012,25,2663875.0,27174.0,25408.0,23742.0,23653.0,24331.0,22585.0,21224.0,21985.0,21944.0,24215.0,25216.0,30100.0,30901.0,29254.0,31370.0,32361.0,2248412.0,415463.0
2012,26,2664181.0,27151.0,25573.0,23716.0,23700.0,24324.0,22608.0,21208.0,21971.0,21947.0,24189.0,25196.0,29976.0,30905.0,29332.0,31248.0,32404.0,2248732.0,415448.0
2012,27,2664487.0,27127.0,25738.0,23690.0,23748.0,24317.0,22632.0,21193.0,21957.0,21951.0,24163.0,25177.0,29853.0,30909.0,29410.0,31125.0,32446.0,2249051.0,415436.0
2012,28,2664710.0,27194.0,25846.0,23674.0,23810.0,24276.0,22687.0,21178.0,21946.0,21955.0,24127.0,25145.0,29763.0,30923.0,29448.0,31035.0,32422.0,2249281.0,415429.0
2012,29,2664933.0,27261.0,25953.0,23658.0,23871.0,24234.0,22742.0,21163.0,21935.0,21960.0,24091.0,25113.0,29674.0,30936.0,29487.0,30945.0,32398.0,2249511.0,415421.0
2012,30,2665156.0,27327.0,26061.0,23643.0,23933.0,24193.0,22798.0,21148.0,21925.0,21964.0,24054.0,25082.0,29584.0,30950.0,29525.0,30856.0,32374.0,2249740.0,415417.0
2012,31,2665379.0,27394.0,26168.0,23627.0,23994.0,24151.0,22853.0,21133.0,21914.0,21969.0,24018.0,25050.0,29495.0,30963.0,29564.0,30766.0,32350.0,2249970.0,415409.0
2012,32,2665602.0,27461.0,26276.0,23611.0,24056.0,24110.0,22908.0,21118.0,21903.0,21973.0,23982.0,25018.0,29405.0,30977.0,29602.0,30676.0,32326.0,2250200.0,415402.0
2012,33,2665660.0,27533.0,26413.0,23592.0,24086.0,24086.0,22929.0,21166.0,21862.0,21992.0,23915.0,25034.0,29222.0,30997.0,29638.0,30463.0,32380.0,2250352.0,415308.0
2012,34,2665717.0,27606.0,26550.0,23573.0,24116.0,24062.0,22950.0,21214.0,21820.0,22011.0,23848.0,25049.0,29039.0,31017.0,29675.0,30250.0,32433.0,2250503.0,415213.0
2012,35,2665774.0,27678.0,26688.0,23554.0,24145.0,24038.0,22972.0,21263.0,21779.0,22030.0,23781.0,25064.0,28856.0,31037.0,29712.0,30037.0,32486.0,2250654.0,415120.0
2012,36,2665832.0,27750.0,26825.0,23535.0,24175.0,24014.0,22993.0,21311.0,21738.0,22049.0,23714.0,25080.0,28673.0,31057.0,29748.0,29824.0,32540.0,2250806.0,415026.0
2012,37,2666432.0,27898.0,26980.0,23476.0,24224.0,23991.0,23026.0,21366.0,21676.0,22087.0,23647.0,25106.0,28498.0,31130.0,29774.0,29627.0,32617.0,2251308.0,415123.0
2012,38,2667032.0,28046.0,27136.0,23418.0,24272.0,23968.0,23060.0,21422.0,21615.0,22124.0,23580.0,25132.0,28324.0,31202.0,29800.0,29430.0,32694.0,2251809.0,415223.0
2012,39,2667631.0,28194.0,27291.0,23359.0,24321.0,23945.0,23094.0,21477.0,21554.0,22162.0,23512.0,25159.0,28149.0,31274.0,29825.0,29234.0,32772.0,2252310.0,415322.0
2012,40,2668231.0,28342.0,27446.0,23300.0,24370.0,23922.0,23127.0,21532.0,21492.0,22200.0,23445.0,25185.0,27974.0,31347.0,29851.0,29037.0,32849.0,2252812.0,415419.0
2012,41,2668786.0,28434.0,27562.0,23306.0,24373.0,23862.0,23200.0,21574.0,21476.0,22194.0,23389.0,25203.0,27817.0,31401.0,29917.0,28906.0,32832.0,2253342.0,415446.0
2012,42,2669341.0,28525.0,27677.0,23312.0,24377.0,23802.0,23273.0,21616.0,21459.0,22188.0,23332.0,25221.0,27659.0,31455.0,29982.0,28774.0,32816.0,2253871.0,415468.0
2012,43,2669896.0,28617.0,27793.0,23319.0,24380.0,23743.0,23345.0,21657.0,21443.0,22183.0,23276.0,25240.0,27502.0,31509.0,30048.0,28643.0,32799.0,2254401.0,415497.0
2012,44,2670451.0,28708.0,27908.0,23325.0,24384.0,23683.0,23418.0,21699.0,21426.0,22177.0,23219.0,25258.0,27344.0,31563.0,30113.0,28511.0,32783.0,2254930.0,415519.0
2012,45,2671006.0,28800.0,28024.0,23331.0,24387.0,23623.0,23491.0,21741.0,21410.0,22171.0,23163.0,25276.0,27187.0,31617.0,30179.0,28380.0,32766.0,2255460.0,415546.0
2012,46,2671561.0,28977.0,28166.0,23272.0,24433.0,23578.0,23535.0,21758.0,21418.0,22151.0,23130.0,25265.0,27017.0,31715.0,30175.0,28277.0,32780.0,2255913.0,415647.0
2012,47,2672116.0,29154.0,28309.0,23214.0,24479.0,23534.0,23578.0,21776.0,21427.0,22130.0,23098.0,25254.0,26846.0,31814.0,30170.0,28174.0,32793.0,2256366.0,415750.0
2012,48,2672671.0,29332.0,28452.0,23156.0,24525.0,23490.0,23622.0,21793.0,21436.0,22110.0,23065.0,25242.0,26676.0,31912.0,30166.0,28070.0,32806.0,2256819.0,415853.0
2012,49,2673226.0,29509.0,28594.0,23097.0,24571.0,23445.0,23666.0,21810.0,21444.0,22090.0,23032.0,25231.0,26506.0,32010.0,30162.0,27967.0,32820.0,2257272.0,415954.0
2012,50,2673678.0,29685.0,28668.0,23152.0,24558.0,23427.0,23688.0,21816.0,21433.0,22098.0,22956.0,25227.0,26417.0,32002.0,30182.0,27917.0,32741.0,2257711.0,415967.0
2012,51,2674130.0,29862.0,28742.0,23206.0,24546.0,23408.0,23710.0,21821.0,21422.0,22106.0,22880.0,25224.0,26328.0,31994.0,30202.0,27866.0,32662.0,2258150.0,415979.0
2012,52,2674581.0,30038.0,28815.0,23261.0,24533.0,23390.0,23733.0,21826.0,21411.0,22114.0,22803.0,25220.0,26240.0,31986.0,30221.0,27816.0,32584.0,2258590.0,415991.0
2013,1,2675033.0,30214.0,28889.0,23316.0,24520.0,23372.0,23755.0,21832.0,21400.0,22122.0,22727.0,25216.0,26151.0,31978.0,30241.0,27766.0,32505.0,2259029.0,416004.0
2013,2,2675252.0,30228.0,28960.0,23360.0,24509.0,23382.0,23764.0,21850.0,21377.0,22112.0,22695.0,25223.0,26069.0,31941.0,30274.0,27759.0,32459.0,2259289.0,415962.0
2013,3,2675471.0,30243.0,29032.0,23404.0,24497.0,23392.0,23774.0,21868.0,21355.0,22103.0,22663.0,25230.0,25987.0,31904.0,30307.0,27751.0,32413.0,2259548.0,415923.0
2013,4,2675690.0,30257.0,29103.0,23447.0,24486.0,23403.0,23783.0,21887.0,21332.0,22093.0,22632.0,25237.0,25904.0,31866.0,30340.0,27744.0,32368.0,2259808.0,415882.0
2013,5,2675909.0,30272.0,29175.0,23491.0,24474.0,23413.0,23793.0,21905.0,21310.0,22084.0,22600.0,25244.0,25822.0,31829.0,30373.0,27736.0,32322.0,2260067.0,415843.0
2013,6,2676128.0,30286.0,29246.0,23535.0,24463.0,23423.0,23802.0,21923.0,21287.0,22074.0,22568.0,25251.0,25740.0,31792.0,30406.0,27729.0,32276.0,2260327.0,415801.0
2013,7,2676539.0,30262.0,29326.0,23663.0,24440.0,23424.0,23788.0,21901.0,21298.0,22049.0,22555.0,25199.0,25714.0,31712.0,30387.0,27808.0,32200.0,2260813.0,415726.0
2013,8,2676950.0,30238.0,29406.0,23790.0,24416.0,23426.0,23774.0,21878.0,21309.0,22024.0,22542.0,25148.0,25688.0,31632.0,30368.0,27886.0,32125.0,2261300.0,415650.0
2013,9,2677360.0,30213.0,29487.0,23918.0,24392.0,23427.0,23760.0,21856.0,21320.0,22000.0,22530.0,25096.0,25661.0,31551.0,30348.0,27965.0,32050.0,2261786.0,415574.0
2013,10,2677771.0,30189.0,29567.0,24046.0,24369.0,23428.0,23746.0,21834.0,21331.0,21975.0,22517.0,25044.0,25635.0,31471.0,30329.0,28044.0,31974.0,2262272.0,415499.0
2013,11,2678091.0,30132.0,29648.0,24172.0,24364.0,23436.0,23743.0,21824.0,21300.0,21978.0,22478.0,25015.0,25613.0,31429.0,30320.0,28141.0,31868.0,2262633.0,415461.0
2013,12,2678411.0,30074.0,29728.0,24297.0,24358.0,23444.0,23740.0,21814.0,21270.0,21980.0,22438.0,24986.0,25590.0,31387.0,30310.0,28238.0,31762.0,2262994.0,415416.0
2013,13,2678731.0,30017.0,29808.0,24422.0,24352.0,23453.0,23736.0,21804.0,21240.0,21982.0,22398.0,24957.0,25568.0,31345.0,30300.0,28336.0,31656.0,2263354.0,415374.0
2013,14,2679051.0,29960.0,29889.0,24548.0,24347.0,23461.0,23733.0,21794.0,21209.0,21985.0,22359.0,24928.0,25546.0,31303.0,30291.0,28433.0,31550.0,2263715.0,415336.0
2013,15,2679300.0,29967.0,29928.0,24677.0,24315.0,23469.0,23701.0,21777.0,21191.0,22004.0,22347.0,24873.0,25529.0,31262.0,30267.0,28491.0,31490.0,2264013.0,415288.0
2013,16,2679549.0,29973.0,29967.0,24806.0,24283.0,23477.0,23668.0,21759.0,21173.0,22022.0,22335.0,24818.0,25513.0,31222.0,30244.0,28549.0,31430.0,2264312.0,415239.0
2013,17,2679798.0,29980.0,30006.0,24934.0,24251.0,23484.0,23636.0,21742.0,21155.0,22041.0,22322.0,24762.0,25496.0,31181.0,30220.0,28606.0,31370.0,2264610.0,415186.0
2013,18,2680047.0,29986.0,30045.0,25063.0,24219.0,23492.0,23603.0,21724.0,21137.0,22059.0,22310.0,24707.0,25480.0,31141.0,30197.0,28664.0,31310.0,2264909.0,415137.0
2013,19,2680296.0,29993.0,30084.0,25192.0,24187.0,23500.0,23571.0,21707.0,21119.0,22078.0,22298.0,24652.0,25463.0,31100.0,30173.0,28722.0,31250.0,2265207.0,415089.0
2013,20,2680610.0,29882.0,30163.0,25320.0,24166.0,23523.0,23604.0,21675.0,21124.0,22084.0,22248.0,24612.0,25468.0,31009.0,30164.0,28750.0,31211.0,2265609.0,415003.0
2013,21,2680925.0,29771.0,30242.0,25447.0,24144.0,23546.0,23636.0,21644.0,21130.0,22090.0,22198.0,24572.0,25473.0,30918.0,30156.0,28778.0,31172.0,2266010.0,414917.0
2013,22,2681240.0,29660.0,30320.0,25574.0,24122.0,23568.0,23669.0,21612.0,21136.0,22096.0,22147.0,24533.0,25478.0,30826.0,30148.0,28805.0,31132.0,2266412.0,414826.0
2013,23,2681554.0,29549.0,30399.0,25702.0,24101.0,23591.0,23702.0,21580.0,21141.0,22102.0,22097.0,24493.0,25483.0,30735.0,30139.0,28833.0,31093.0,2266814.0,414740.0
2013,24,2681758.0,29438.0,30479.0,25854.0,24069.0,23630.0,23709.0,21552.0,21166.0,22082.0,22106.0,24462.0,25462.0,30607.0,30163.0,28904.0,30962.0,2267116.0,414645.0
2013,25,2681963.0,29326.0,30558.0,26006.0,24036.0,23668.0,23716.0,21524.0,21190.0,22062.0,22114.0,24430.0,25440.0,30478.0,30186.0,28975.0,30831.0,2267419.0,414540.0
2013,26,2682168.0,29215.0,30638.0,26159.0,24004.0,23706.0,23722.0,21495.0,21215.0,22043.0,22123.0,24399.0,25418.0,30350.0,30210.0,29046.0,30700.0,2267722.0,414443.0
2013,27,2682372.0,29104.0,30718.0,26311.0,23972.0,23745.0,23729.0,21467.0,21240.0,22023.0,22132.0,24368.0,25397.0,30222.0,30234.0,29117.0,30569.0,2268024.0,414348.0
2013,28,2682301.0,28956.0,30812.0,26423.0,23945.0,23790.0,23717.0,21477.0,21239.0,22003.0,22137.0,24330.0,25375.0,30121.0,30254.0,29159.0,30472.0,2268092.0,414210.0
2013,29,2682230.0,28808.0,30906.0,26536.0,23917.0,23836.0,23705.0,21487.0,21237.0,21983.0,22142.0,24292.0,25353.0,30020.0,30275.0,29201.0,30375.0,2268160.0,414073.0
2013,30,2682159.0,28659.0,31000.0,26648.0,23890.0,23881.0,23692.0,21496.0,21236.0,21964.0,22146.0,24253.0,25330.0,29919.0,30295.0,29243.0,30277.0,2268227.0,413929.0
2013,31,2682088.0,28511.0,31094.0,26761.0,23862.0,23927.0,23680.0,21506.0,21234.0,21944.0,22151.0,24215.0,25308.0,29818.0,30316.0,29285.0,30180.0,2268295.0,413792.0
2013,32,2682017.0,28363.0,31188.0,26873.0,23835.0,23972.0,23668.0,21516.0,21233.0,21924.0,22156.0,24177.0,25286.0,29717.0,30336.0,29327.0,30083.0,2268363.0,413654.0
2013,33,2681909.0,28190.0,31304.0,27020.0,23812.0,23998.0,23657.0,21563.0,21256.0,21885.0,22168.0,24114.0,25291.0,29471.0,30413.0,29358.0,29876.0,2268533.0,413376.0
2013,34,2681800.0,28016.0,31420.0,27166.0,23789.0,24024.0,23646.0,21610.0,21278.0,21846.0,22181.0,24051.0,25296.0,29226.0,30490.0,29388.0,29668.0,2268703.0,413095.0
2013,35,2681692.0,27842.0,31535.0,27312.0,23766.0,24051.0,23636.0,21658.0,21300.0,21808.0,22194.0,23988.0,25302.0,28980.0,30568.0,29419.0,29460.0,2268873.0,412819.0
2013,36,2681584.0,27669.0,31651.0,27459.0,23743.0,24077.0,23625.0,21705.0,21323.0,21769.0,22206.0,23925.0,25307.0,28734.0,30645.0,29450.0,29253.0,2269043.0,412541.0
2013,37,2681835.0,27500.0,31806.0,27583.0,23686.0,24125.0,23599.0,21749.0,21336.0,21719.0,22235.0,23862.0,25336.0,28563.0,30721.0,29465.0,29095.0,2269454.0,412380.0
2013,38,2682086.0,27331.0,31961.0,27707.0,23630.0,24173.0,23573.0,21792.0,21349.0,21669.0,22265.0,23799.0,25366.0,28392.0,30796.0,29481.0,28937.0,2269865.0,412221.0
2013,39,2682337.0,27162.0,32115.0,27830.0,23573.0,24221.0,23548.0,21836.0,21363.0,21620.0,22294.0,23735.0,25395.0,28222.0,30872.0,29496.0,28780.0,2270275.0,412062.0
2013,40,2682588.0,26993.0,32270.0,27954.0,23517.0,24269.0,23522.0,21879.0,21376.0,21570.0,22324.0,23672.0,25425.0,28051.0,30947.0,29512.0,28622.0,2270686.0,411903.0
2013,41,2682839.0,26824.0,32425.0,28078.0,23460.0,24317.0,23496.0,21923.0,21389.0,21520.0,22353.0,23609.0,25454.0,27880.0,31023.0,29527.0,28464.0,2271097.0,411742.0
2013,42,2683271.0,26645.0,32541.0,28218.0,23465.0,24322.0,23422.0,22034.0,21419.0,21498.0,22346.0,23536.0,25479.0,27678.0,31098.0,29604.0,28304.0,2271661.0,411609.0
2013,43,2683703.0,26466.0,32657.0,28359.0,23470.0,24326.0,23349.0,22145.0,21450.0,21477.0,22340.0,23464.0,25504.0,27476.0,31172.0,29681.0,28143.0,2272225.0,411479.0
2013,44,2684135.0,26288.0,32773.0,28500.0,23474.0,24331.0,23276.0,22256.0,21480.0,21456.0,22334.0,23391.0,25529.0,27273.0,31246.0,29758.0,27982.0,2272789.0,411347.0
2013,45,2684567.0,26109.0,32889.0,28640.0,23479.0,24336.0,23202.0,22367.0,21510.0,21434.0,22327.0,23318.0,25554.0,27071.0,31321.0,29835.0,27822.0,2273353.0,411214.0
2013,46,2685054.0,25991.0,33036.0,28777.0,23428.0,24381.0,23132.0,22443.0,21506.0,21446.0,22303.0,23301.0,25546.0,26894.0,31428.0,29832.0,27722.0,2273888.0,411166.0
2013,47,2685542.0,25873.0,33182.0,28914.0,23378.0,24426.0,23062.0,22519.0,21501.0,21458.0,22278.0,23284.0,25539.0,26718.0,31536.0,29830.0,27621.0,2274424.0,411119.0
2013,48,2686029.0,25755.0,33328.0,29050.0,23327.0,24471.0,22992.0,22595.0,21496.0,21470.0,22254.0,23266.0,25532.0,26542.0,31644.0,29827.0,27520.0,2274960.0,411069.0
2013,49,2686516.0,25637.0,33475.0,29187.0,23276.0,24516.0,22922.0,22671.0,21492.0,21482.0,22230.0,23249.0,25524.0,26365.0,31751.0,29824.0,27420.0,2275495.0,411021.0
2013,50,2686922.0,25489.0,33589.0,29254.0,23332.0,24502.0,22892.0,22712.0,21490.0,21480.0,22230.0,23178.0,25518.0,26294.0,31735.0,29855.0,27380.0,2275992.0,410930.0
2013,51,2687328.0,25341.0,33704.0,29322.0,23388.0,24488.0,22862.0,22752.0,21488.0,21479.0,22229.0,23107.0,25511.0,26224.0,31719.0,29886.0,27340.0,2276489.0,410840.0
2013,52,2687734.0,25193.0,33818.0,29390.0,23445.0,24475.0,22831.0,22792.0,21486.0,21478.0,22228.0,23036.0,25504.0,26153.0,31703.0,29916.0,27300.0,2276986.0,410748.0
2014,1,2688140.0,25045.0,33932.0,29457.0,23501.0,24461.0,22801.0,22833.0,21484.0,21476.0,22228.0,22965.0,25498.0,26082.0,31687.0,29947.0,27260.0,2277483.0,410657.0
2014,2,2688377.0,25079.0,33883.0,29549.0,23538.0,24449.0,22782.0,22856.0,21499.0,21462.0,22208.0,22941.0,25507.0,26019.0,31629.0,29997.0,27264.0,2277715.0,410662.0
2014,3,2688615.0,25113.0,33834.0,29640.0,23575.0,24438.0,22763.0,22879.0,21514.0,21447.0,22188.0,22918.0,25517.0,25956.0,31572.0,30047.0,27268.0,2277947.0,410669.0
2014,4,2688852.0,25146.0,33785.0,29732.0,23611.0,24426.0,22744.0,22902.0,21529.0,21433.0,22169.0,22894.0,25526.0,25894.0,31514.0,30096.0,27272.0,2278178.0,410673.0
2014,5,2689090.0,25180.0,33736.0,29823.0,23648.0,24415.0,22725.0,22925.0,21544.0,21418.0,22149.0,22871.0,25536.0,25831.0,31457.0,30146.0,27276.0,2278410.0,410680.0
2014,6,2689327.0,25214.0,33687.0,29915.0,23685.0,24403.0,22706.0,22948.0,21559.0,21404.0,22129.0,22847.0,25545.0,25768.0,31399.0,30196.0,27280.0,2278642.0,410685.0
2014,7,2689553.0,25258.0,33650.0,29958.0,23804.0,24378.0,22701.0,22925.0,21547.0,21414.0,22112.0,22826.0,25494.0,25753.0,31327.0,30156.0,27364.0,2278885.0,410667.0
2014,8,2689780.0,25302.0,33613.0,30002.0,23924.0,24354.0,22696.0,22902.0,21534.0,21424.0,22096.0,22805.0,25442.0,25738.0,31254.0,30116.0,27448.0,2279128.0,410650.0
2014,9,2690006.0,25346.0,33576.0,30045.0,24043.0,24329.0,22692.0,22880.0,21522.0,21435.0,22080.0,22784.0,25391.0,25724.0,31182.0,30075.0,27531.0,2279372.0,410635.0
2014,10,2690232.0,25390.0,33539.0,30088.0,24162.0,24304.0,22687.0,22857.0,21510.0,21445.0,22063.0,22763.0,25340.0,25709.0,31110.0,30035.0,27615.0,2279615.0,410617.0
2014,11,2690452.0,25458.0,33488.0,30146.0,24254.0,24297.0,22685.0,22845.0,21517.0,21419.0,22068.0,22729.0,25322.0,25738.0,31033.0,30021.0,27690.0,2279742.0,410710.0
2014,12,2690672.0,25527.0,33436.0,30204.0,24346.0,24289.0,22683.0,22832.0,21524.0,21392.0,22073.0,22696.0,25305.0,25767.0,30956.0,30006.0,27765.0,2279869.0,410801.0
2014,13,2690891.0,25595.0,33385.0,30262.0,24438.0,24282.0,22682.0,22820.0,21532.0,21366.0,22078.0,22662.0,25287.0,25797.0,30879.0,29992.0,27840.0,2279996.0,410897.0
2014,14,2691111.0,25664.0,33333.0,30320.0,24530.0,24274.0,22680.0,22807.0,21539.0,21339.0,22083.0,22629.0,25270.0,25826.0,30802.0,29977.0,27915.0,2280123.0,410988.0
2014,15,2691331.0,25732.0,33282.0,30378.0,24622.0,24267.0,22678.0,22795.0,21546.0,21313.0,22088.0,22595.0,25252.0,25855.0,30725.0,29963.0,27990.0,2280250.0,411081.0
2014,16,2691533.0,25751.0,33228.0,30423.0,24748.0,24201.0,22679.0,22734.0,21546.0,21291.0,22110.0,22579.0,25175.0,25865.0,30633.0,29936.0,28070.0,2280562.0,410969.0
2014,17,2691734.0,25770.0,33175.0,30468.0,24874.0,24136.0,22680.0,22673.0,21546.0,21270.0,22132.0,22564.0,25098.0,25874.0,30542.0,29910.0,28150.0,2280874.0,410862.0
2014,18,2691936.0,25790.0,33122.0,30513.0,24999.0,24070.0,22681.0,22612.0,21547.0,21248.0,22153.0,22548.0,25021.0,25884.0,30450.0,29884.0,28230.0,2281186.0,410752.0
2014,19,2692138.0,25809.0,33068.0,30558.0,25125.0,24004.0,22682.0,22551.0,21547.0,21226.0,22175.0,22532.0,24944.0,25894.0,30358.0,29857.0,28310.0,2281498.0,410640.0
2014,20,2692522.0,25868.0,32978.0,30637.0,25260.0,23980.0,22703.0,22551.0,21533.0,21228.0,22184.0,22487.0,24896.0,25922.0,30256.0,29849.0,28308.0,2281881.0,410640.0
2014,21,2692905.0,25928.0,32888.0,30716.0,25394.0,23957.0,22724.0,22551.0,21520.0,21230.0,22192.0,22442.0,24849.0,25951.0,30153.0,29840.0,28306.0,2282264.0,410641.0
2014,22,2693288.0,25987.0,32799.0,30794.0,25529.0,23934.0,22745.0,22551.0,21506.0,21231.0,22201.0,22398.0,24802.0,25980.0,30050.0,29832.0,28303.0,2282647.0,410642.0
2014,23,2693672.0,26046.0,32709.0,30873.0,25664.0,23910.0,22766.0,22551.0,21492.0,21233.0,22210.0,22353.0,24754.0,26008.0,29948.0,29824.0,28301.0,2283030.0,410642.0
2014,24,2693943.0,26127.0,32591.0,30940.0,25780.0,23883.0,22800.0,22507.0,21488.0,21253.0,22194.0,22349.0,24720.0,25985.0,29842.0,29837.0,28332.0,2283315.0,410628.0
2014,25,2694214.0,26209.0,32473.0,31006.0,25897.0,23855.0,22834.0,22463.0,21485.0,21272.0,22179.0,22345.0,24687.0,25962.0,29736.0,29850.0,28362.0,2283600.0,410615.0
2014,26,2694485.0,26290.0,32354.0,31073.0,26013.0,23828.0,22869.0,22418.0,21481.0,21292.0,22163.0,22341.0,24653.0,25938.0,29630.0,29864.0,28393.0,2283884.0,410600.0
2014,27,2694756.0,26372.0,32236.0,31139.0,26130.0,23800.0,22903.0,22374.0,21478.0,21311.0,22148.0,22337.0,24620.0,25915.0,29524.0,29877.0,28423.0,2284169.0,410587.0
2014,28,2695027.0,26453.0,32118.0,31206.0,26246.0,23773.0,22937.0,22330.0,21474.0,21331.0,22132.0,22333.0,24586.0,25892.0,29418.0,29890.0,28454.0,2284454.0,410573.0
2014,29,2695022.0,26475.0,31971.0,31336.0,26389.0,23741.0,23009.0,22268.0,21505.0,21323.0,22114.0,22341.0,24536.0,25843.0,29308.0,29925.0,28479.0,2284460.0,410563.0
2014,30,2695017.0,26497.0,31824.0,31466.0,26532.0,23708.0,23081.0,22206.0,21536.0,21315.0,22095.0,22350.0,24487.0,25794.0,29198.0,29960.0,28504.0,2284466.0,410553.0
2014,31,2695012.0,26519.0,31676.0,31596.0,26675.0,23676.0,23153.0,22144.0,21567.0,21307.0,22076.0,22358.0,24438.0,25744.0,29087.0,29994.0,28529.0,2284472.0,410539.0
2014,32,2695007.0,26541.0,31529.0,31726.0,26818.0,23644.0,23225.0,22082.0,21598.0,21299.0,22058.0,22366.0,24388.0,25695.0,28977.0,30029.0,28554.0,2284478.0,410529.0
2014,33,2695168.0,26633.0,31384.0,31840.0,26953.0,23614.0,23250.0,22083.0,21615.0,21326.0,22023.0,22376.0,24317.0,25664.0,28799.0,30098.0,28584.0,2284608.0,410559.0
2014,34,2695328.0,26724.0,31239.0,31954.0,27088.0,23584.0,23276.0,22084.0,21632.0,21352.0,21988.0,22386.0,24246.0,25633.0,28622.0,30168.0,28615.0,2284737.0,410591.0
2014,35,2695488.0,26816.0,31094.0,32068.0,27222.0,23555.0,23302.0,22085.0,21649.0,21379.0,21953.0,22396.0,24175.0,25602.0,28444.0,30237.0,28646.0,2284866.0,410623.0
2014,36,2695649.0,26908.0,30949.0,32182.0,27357.0,23525.0,23327.0,22086.0,21666.0,21406.0,21918.0,22406.0,24104.0,25571.0,28266.0,30306.0,28676.0,2284996.0,410653.0
2014,37,2696048.0,26991.0,30762.0,32337.0,27481.0,23467.0,23365.0,22087.0,21678.0,21417.0,21864.0,22428.0,24044.0,25577.0,28128.0,30376.0,28693.0,2285352.0,410695.0
2014,38,2696447.0,27074.0,30574.0,32492.0,27605.0,23409.0,23403.0,22089.0,21690.0,21429.0,21810.0,22450.0,23984.0,25583.0,27990.0,30446.0,28711.0,2285709.0,410739.0
2014,39,2696846.0,27158.0,30387.0,32647.0,27729.0,23352.0,23442.0,22090.0,21701.0,21440.0,21755.0,22471.0,23924.0,25589.0,27851.0,30516.0,28728.0,2286065.0,410780.0
2014,40,2697245.0,27241.0,30199.0,32802.0,27853.0,23294.0,23480.0,22092.0,21713.0,21452.0,21701.0,22493.0,23864.0,25595.0,27713.0,30586.0,28746.0,2286422.0,410824.0
2014,41,2697644.0,27324.0,30012.0,32957.0,27977.0,23236.0,23518.0,22093.0,21725.0,21463.0,21647.0,22515.0,23804.0,25601.0,27575.0,30656.0,28763.0,2286778.0,410866.0
2014,42,2698256.0,27392.0,29842.0,33076.0,28118.0,23236.0,23519.0,22050.0,21800.0,21489.0,21622.0,22500.0,23733.0,25612.0,27395.0,30723.0,28852.0,2287298.0,410959.0
2014,43,2698868.0,27460.0,29671.0,33196.0,28260.0,23235.0,23520.0,22006.0,21874.0,21515.0,21598.0,22486.0,23662.0,25622.0,27215.0,30790.0,28941.0,2287818.0,411051.0
2014,44,2699479.0,27527.0,29500.0,33316.0,28401.0,23234.0,23522.0,21963.0,21948.0,21541.0,21574.0,22471.0,23590.0,25632.0,27035.0,30856.0,29030.0,2288338.0,411140.0
2014,45,2700091.0,27595.0,29330.0,33435.0,28542.0,23234.0,23523.0,21920.0,22023.0,21567.0,21549.0,22456.0,23519.0,25643.0,26855.0,30923.0,29119.0,2288858.0,411233.0
2014,46,2700647.0,27801.0,29176.0,33584.0,28669.0,23185.0,23543.0,21879.0,22068.0,21564.0,21559.0,22432.0,23502.0,25618.0,26675.0,31029.0,29102.0,2289260.0,411386.0
2014,47,2701203.0,28008.0,29022.0,33734.0,28796.0,23136.0,23562.0,21838.0,22114.0,21562.0,21568.0,22409.0,23485.0,25593.0,26494.0,31134.0,29086.0,2289662.0,411541.0
2014,48,2701759.0,28214.0,28868.0,33884.0,28922.0,23087.0,23582.0,21796.0,22159.0,21559.0,21578.0,22386.0,23468.0,25568.0,26314.0,31240.0,29070.0,2290065.0,411695.0
2014,49,2702315.0,28420.0,28714.0,34033.0,29049.0,23038.0,23602.0,21755.0,22204.0,21556.0,21588.0,22362.0,23451.0,25543.0,26134.0,31346.0,29053.0,2290467.0,411848.0
2014,50,2702770.0,28488.0,28592.0,34136.0,29118.0,23094.0,23565.0,21744.0,22235.0,21544.0,21584.0,22359.0,23383.0,25543.0,26063.0,31322.0,29093.0,2290906.0,411863.0
2014,51,2703224.0,28556.0,28471.0,34239.0,29188.0,23149.0,23528.0,21732.0,22266.0,21532.0,21581.0,22356.0,23314.0,25543.0,25992.0,31298.0,29132.0,2291346.0,411877.0
2014,52,2703678.0,28624.0,28350.0,34342.0,29257.0,23204.0,23492.0,21720.0,22298.0,21520.0,21578.0,22354.0,23246.0,25543.0,25920.0,31273.0,29172.0,2291786.0,411893.0
2015,1,2704133.0,28692.0,28228.0,34445.0,29326.0,23260.0,23455.0,21709.0,22329.0,21508.0,21574.0,22351.0,23178.0,25543.0,25849.0,31249.0,29212.0,2292225.0,411908.0
2015,2,2704329.0,28670.0,28252.0,34393.0,29409.0,23296.0,23427.0,21717.0,22349.0,21525.0,21558.0,22338.0,23145.0,25555.0,25771.0,31209.0,29255.0,2292460.0,411869.0
2015,3,2704525.0,28649.0,28277.0,34341.0,29492.0,23333.0,23400.0,21725.0,22369.0,21542.0,21542.0,22325.0,23112.0,25566.0,25693.0,31168.0,29298.0,2292694.0,411832.0
2015,4,2704721.0,28627.0,28301.0,34289.0,29574.0,23369.0,23372.0,21734.0,22389.0,21559.0,21527.0,22312.0,23078.0,25578.0,25614.0,31128.0,29340.0,2292929.0,411791.0
2015,5,2704917.0,28606.0,28326.0,34237.0,29657.0,23406.0,23345.0,21742.0,22409.0,21576.0,21511.0,22299.0,23045.0,25589.0,25536.0,31087.0,29383.0,2293163.0,411754.0
2015,6,2705113.0,28584.0,28350.0,34185.0,29740.0,23442.0,23317.0,21750.0,22429.0,21593.0,21495.0,22286.0,23012.0,25601.0,25458.0,31047.0,29426.0,2293398.0,411715.0
2015,7,2705324.0,28654.0,28388.0,34127.0,29791.0,23549.0,23268.0,21716.0,22432.0,21588.0,21505.0,22267.0,23013.0,25591.0,25434.0,30958.0,29429.0,2293616.0,411710.0
2015,8,2705536.0,28724.0,28427.0,34068.0,29842.0,23656.0,23218.0,21681.0,22435.0,21582.0,21516.0,22248.0,23014.0,25581.0,25410.0,30868.0,29432.0,2293834.0,411702.0
2015,9,2705747.0,28793.0,28466.0,34010.0,29892.0,23763.0,23169.0,21646.0,22438.0,21576.0,21526.0,22229.0,23014.0,25571.0,25387.0,30778.0,29436.0,2294051.0,411694.0
2015,10,2705958.0,28863.0,28504.0,33952.0,29943.0,23870.0,23120.0,21612.0,22441.0,21571.0,21536.0,22210.0,23015.0,25561.0,25363.0,30689.0,29439.0,2294269.0,411689.0
2015,11,2705956.0,28855.0,28530.0,33879.0,29990.0,23942.0,23100.0,21604.0,22441.0,21579.0,21509.0,22216.0,22981.0,25577.0,25351.0,30615.0,29444.0,2294344.0,411613.0
2015,12,2705954.0,28847.0,28557.0,33805.0,30037.0,24014.0,23080.0,21596.0,22441.0,21587.0,21483.0,22221.0,22947.0,25593.0,25338.0,30541.0,29449.0,2294419.0,411536.0
2015,13,2705953.0,28839.0,28583.0,33732.0,30083.0,24086.0,23060.0,21587.0,22440.0,21595.0,21456.0,22227.0,22914.0,25608.0,25326.0,30468.0,29453.0,2294495.0,411457.0
2015,14,2705951.0,28831.0,28610.0,33658.0,30130.0,24158.0,23040.0,21579.0,22440.0,21603.0,21430.0,22232.0,22880.0,25624.0,25313.0,30394.0,29458.0,2294570.0,411380.0
2015,15,2705949.0,28823.0,28636.0,33585.0,30177.0,24230.0,23020.0,21571.0,22440.0,21611.0,21403.0,22238.0,22846.0,25640.0,25301.0,30320.0,29463.0,2294645.0,411304.0
2015,16,2705942.0,28789.0,28688.0,33529.0,30200.0,24322.0,22967.0,21546.0,22423.0,21612.0,21387.0,22252.0,22825.0,25598.0,25282.0,30228.0,29446.0,2294848.0,411094.0
2015,17,2705935.0,28756.0,28739.0,33473.0,30222.0,24414.0,22914.0,21522.0,22406.0,21613.0,21371.0,22266.0,22804.0,25556.0,25262.0,30136.0,29430.0,2295052.0,410884.0
2015,18,2705928.0,28722.0,28790.0,33417.0,30245.0,24507.0,22862.0,21498.0,22388.0,21614.0,21355.0,22281.0,22782.0,25513.0,25242.0,30043.0,29413.0,2295256.0,410672.0
2015,19,2705921.0,28688.0,28842.0,33361.0,30268.0,24599.0,22809.0,21473.0,22371.0,21615.0,21339.0,22295.0,22761.0,25471.0,25223.0,29951.0,29396.0,2295459.0,410462.0
2015,20,2705948.0,28689.0,28890.0,33262.0,30339.0,24710.0,22782.0,21456.0,22387.0,21602.0,21348.0,22311.0,22708.0,25458.0,25222.0,29851.0,29382.0,2295553.0,410397.0
2015,21,2705976.0,28690.0,28937.0,33162.0,30410.0,24820.0,22754.0,21439.0,22402.0,21588.0,21356.0,22328.0,22656.0,25445.0,25221.0,29750.0,29368.0,2295648.0,410326.0
2015,22,2706003.0,28692.0,28984.0,33063.0,30481.0,24930.0,22727.0,21422.0,22418.0,21574.0,21364.0,22344.0,22604.0,25432.0,25220.0,29650.0,29354.0,2295742.0,410259.0
2015,23,2706030.0,28693.0,29032.0,32964.0,30552.0,25041.0,22700.0,21405.0,22434.0,21561.0,21373.0,22360.0,22551.0,25419.0,25219.0,29550.0,29340.0,2295836.0,410194.0
2015,24,2705513.0,28665.0,29108.0,32840.0,30612.0,25150.0,22677.0,21377.0,22417.0,21555.0,21388.0,22342.0,22545.0,25374.0,25203.0,29448.0,29327.0,2295485.0,410028.0
2015,25,2704996.0,28637.0,29184.0,32715.0,30672.0,25260.0,22655.0,21349.0,22400.0,21550.0,21403.0,22324.0,22538.0,25328.0,25187.0,29345.0,29313.0,2295134.0,409860.0
2015,26,2704478.0,28608.0,29259.0,32591.0,30733.0,25369.0,22632.0,21321.0,22384.0,21544.0,21419.0,22307.0,22532.0,25283.0,25171.0,29243.0,29300.0,2294784.0,409696.0
2015,27,2703961.0,28580.0,29335.0,32466.0,30793.0,25479.0,22610.0,21293.0,22367.0,21539.0,21434.0,22289.0,22525.0,25237.0,25155.0,29140.0,29286.0,2294433.0,409528.0
2015,28,2703444.0,28552.0,29411.0,32342.0,30853.0,25588.0,22587.0,21265.0,22350.0,21533.0,21449.0,22271.0,22519.0,25192.0,25139.0,29038.0,29273.0,2294082.0,409362.0
2015,29,2702976.0,28484.0,29487.0,32180.0,30972.0,25704.0,22568.0,21280.0,22301.0,21549.0,21436.0,22250.0,22522.0,25127.0,25092.0,28926.0,29275.0,2293821.0,409153.0
2015,30,2702508.0,28416.0,29564.0,32018.0,31090.0,25820.0,22549.0,21296.0,22252.0,21565.0,21424.0,22230.0,22526.0,25062.0,25044.0,28815.0,29277.0,2293560.0,408948.0
2015,31,2702039.0,28348.0,29640.0,31856.0,31208.0,25937.0,22530.0,21311.0,22204.0,21581.0,21412.0,22210.0,22530.0,24996.0,24997.0,28704.0,29279.0,2293298.0,408743.0
2015,32,2701571.0,28280.0,29716.0,31694.0,31327.0,26053.0,22511.0,21326.0,22155.0,21597.0,21399.0,22189.0,22533.0,24931.0,24950.0,28592.0,29281.0,2293037.0,408534.0
2015,33,2701280.0,28228.0,29782.0,31572.0,31413.0,26156.0,22479.0,21365.0,22121.0,21605.0,21414.0,22157.0,22541.0,24818.0,24963.0,28446.0,29333.0,2292887.0,408393.0
2015,34,2700989.0,28176.0,29848.0,31451.0,31499.0,26259.0,22448.0,21403.0,22087.0,21613.0,21429.0,22125.0,22549.0,24705.0,24976.0,28300.0,29385.0,2292737.0,408253.0
2015,35,2700697.0,28123.0,29914.0,31329.0,31584.0,26361.0,22416.0,21442.0,22053.0,21620.0,21444.0,22094.0,22556.0,24592.0,24990.0,28153.0,29437.0,2292588.0,408108.0
2015,36,2700406.0,28071.0,29980.0,31208.0,31670.0,26464.0,22385.0,21480.0,22019.0,21628.0,21459.0,22062.0,22564.0,24479.0,25003.0,28007.0,29489.0,2292438.0,407968.0
2015,37,2700115.0,28019.0,30046.0,31086.0,31756.0,26567.0,22353.0,21519.0,21985.0,21636.0,21474.0,22030.0,22572.0,24366.0,25016.0,27861.0,29541.0,2292288.0,407827.0
2015,38,2700465.0,27964.0,30178.0,30847.0,31946.0,26725.0,22260.0,21600.0,21948.0,21655.0,21494.0,21965.0,22619.0,24253.0,25057.0,27685.0,29629.0,2292640.0,407825.0
2015,39,2700814.0,27908.0,30309.0,30608.0,32136.0,26883.0,22168.0,21682.0,21911.0,21674.0,21513.0,21900.0,22666.0,24140.0,25098.0,27509.0,29718.0,2292992.0,407823.0
2015,40,2701164.0,27853.0,30440.0,30368.0,32327.0,27041.0,22076.0,21764.0,21874.0,21692.0,21532.0,21834.0,22713.0,24027.0,25139.0,27333.0,29806.0,2293345.0,407819.0
2015,41,2701514.0,27798.0,30572.0,30129.0,32517.0,27199.0,21983.0,21845.0,21837.0,21711.0,21552.0,21769.0,22760.0,23914.0,25180.0,27157.0,29894.0,2293697.0,407817.0
2015,42,2701838.0,27779.0,30626.0,29958.0,32622.0,27345.0,21972.0,21854.0,21760.0,21793.0,21578.0,21756.0,22757.0,23823.0,25212.0,26970.0,29968.0,2294065.0,407773.0
2015,43,2702162.0,27760.0,30681.0,29787.0,32728.0,27492.0,21961.0,21862.0,21683.0,21874.0,21604.0,21742.0,22754.0,23732.0,25244.0,26783.0,30041.0,2294433.0,407728.0
2015,44,2702485.0,27741.0,30736.0,29616.0,32834.0,27638.0,21950.0,21870.0,21606.0,21956.0,21630.0,21729.0,22750.0,23641.0,25277.0,26596.0,30114.0,2294801.0,407684.0
2015,45,2702809.0,27722.0,30790.0,29445.0,32939.0,27784.0,21939.0,21879.0,21529.0,22038.0,21656.0,21716.0,22747.0,23550.0,25309.0,26409.0,30188.0,2295169.0,407640.0
2015,46,2703209.0,27734.0,30877.0,29319.0,33053.0,27890.0,21891.0,21912.0,21485.0,22071.0,21657.0,21728.0,22732.0,23527.0,25297.0,26275.0,30285.0,2295477.0,407733.0
2015,47,2703609.0,27746.0,30964.0,29193.0,33166.0,27996.0,21844.0,21946.0,21440.0,22104.0,21658.0,21740.0,22716.0,23504.0,25285.0,26141.0,30382.0,2295785.0,407825.0
2015,48,2704010.0,27759.0,31050.0,29066.0,33280.0,28103.0,21796.0,21979.0,21396.0,22137.0,21658.0,21751.0,22701.0,23481.0,25273.0,26007.0,30478.0,2296094.0,407915.0
2015,49,2704410.0,27771.0,31137.0,28940.0,33393.0,28209.0,21749.0,22013.0,21351.0,22170.0,21659.0,21763.0,22685.0,23458.0,25261.0,25873.0,30575.0,2296402.0,408007.0
2015,50,2704810.0,27783.0,31224.0,28814.0,33507.0,28315.0,21701.0,22046.0,21307.0,22203.0,21660.0,21775.0,22670.0,23435.0,25249.0,25739.0,30672.0,2296710.0,408100.0
2015,51,2704851.0,27748.0,31283.0,28680.0,33621.0,28385.0,21717.0,22039.0,21272.0,22234.0,21650.0,21769.0,22667.0,23377.0,25245.0,25673.0,30650.0,2296840.0,408010.0
2015,52,2704892.0,27712.0,31342.0,28546.0,33736.0,28455.0,21734.0,22032.0,21238.0,22266.0,21640.0,21762.0,22664.0,23320.0,25240.0,25608.0,30628.0,2296971.0,407923.0
2015,53,2704933.0,27676.0,31400.0,28411.0,33850.0,28525.0,21750.0,22025.0,21204.0,22297.0,21631.0,21756.0,22662.0,23262.0,25236.0,25542.0,30605.0,2297102.0,407832.0
2016,1,2704974.0,27641.0,31459.0,28277.0,33964.0,28595.0,21766.0,22018.0,21169.0,22328.0,21621.0,21750.0,22659.0,23204.0,25232.0,25476.0,30583.0,2297232.0,407742.0
2016,2,2704833.0,27580.0,31481.0,28299.0,33887.0,28704.0,21779.0,21982.0,21155.0,22364.0,21641.0,21726.0,22633.0,23172.0,25239.0,25384.0,30523.0,2297285.0,407549.0
2016,3,2704692.0,27519.0,31503.0,28320.0,33810.0,28814.0,21792.0,21945.0,21141.0,22400.0,21660.0,21702.0,22608.0,23140.0,25246.0,25292.0,30462.0,2297338.0,407354.0
2016,4,2704551.0,27458.0,31525.0,28342.0,33734.0,28923.0,21806.0,21908.0,21127.0,22437.0,21680.0,21678.0,22582.0,23107.0,25252.0,25199.0,30402.0,2297390.0,407160.0
2016,5,2704410.0,27397.0,31547.0,28364.0,33657.0,29032.0,21819.0,21872.0,21113.0,22473.0,21700.0,21654.0,22556.0,23075.0,25259.0,25107.0,30342.0,2297443.0,406967.0
2016,6,2704427.0,27439.0,31535.0,28401.0,33615.0,29063.0,21883.0,21844.0,21104.0,22462.0,21697.0,21662.0,22568.0,23085.0,25217.0,25086.0,30289.0,2297477.0,406950.0
2016,7,2704444.0,27481.0,31523.0,28437.0,33573.0,29094.0,21947.0,21815.0,21094.0,22451.0,21694.0,21670.0,22580.0,23096.0,25175.0,25065.0,30236.0,2297511.0,406931.0
2016,8,2704461.0,27524.0,31512.0,28474.0,33530.0,29126.0,22012.0,21787.0,21085.0,22441.0,21690.0,21679.0,22593.0,23106.0,25133.0,25044.0,30182.0,2297545.0,406918.0
2016,9,2704478.0,27566.0,31500.0,28510.0,33488.0,29157.0,22076.0,21758.0,21075.0,22430.0,21687.0,21687.0,22605.0,23117.0,25091.0,25023.0,30129.0,2297579.0,406899.0
2016,10,2704495.0,27608.0,31488.0,28547.0,33446.0,29188.0,22140.0,21730.0,21066.0,22419.0,21684.0,21695.0,22617.0,23127.0,25049.0,25002.0,30076.0,2297613.0,406882.0
2016,11,2704328.0,27570.0,31478.0,28591.0,33344.0,29222.0,22221.0,21682.0,21065.0,22421.0,21698.0,21656.0,22624.0,23128.0,25018.0,24980.0,29998.0,2297632.0,406696.0
2016,12,2704162.0,27532.0,31468.0,28635.0,33242.0,29257.0,22302.0,21634.0,21064.0,22424.0,21712.0,21616.0,22632.0,23130.0,24988.0,24957.0,29920.0,2297650.0,406513.0
2016,13,2703996.0,27493.0,31459.0,28679.0,33139.0,29292.0,22383.0,21587.0,21064.0,22426.0,21725.0,21576.0,22640.0,23132.0,24958.0,24934.0,29841.0,2297668.0,406328.0
2016,14,2703829.0,27455.0,31449.0,28723.0,33037.0,29326.0,22464.0,21539.0,21063.0,22428.0,21739.0,21537.0,22647.0,23133.0,24927.0,24912.0,29763.0,2297687.0,406142.0
2016,15,2703604.0,27505.0,31407.0,28772.0,32953.0,29316.0,22539.0,21476.0,21073.0,22410.0,21739.0,21524.0,22657.0,23160.0,24853.0,24893.0,29683.0,2297644.0,405960.0
2016,16,2703380.0,27554.0,31366.0,28820.0,32869.0,29306.0,22614.0,21412.0,21083.0,22392.0,21740.0,21512.0,22668.0,23188.0,24780.0,24874.0,29603.0,2297602.0,405781.0
2016,17,2703155.0,27604.0,31324.0,28868.0,32785.0,29296.0,22688.0,21349.0,21093.0,22373.0,21740.0,21500.0,22678.0,23215.0,24706.0,24854.0,29523.0,2297559.0,405596.0
2016,18,2702930.0,27654.0,31282.0,28917.0,32701.0,29286.0,22763.0,21286.0,21103.0,22355.0,21740.0,21487.0,22688.0,23242.0,24632.0,24835.0,29443.0,2297516.0,405414.0
2016,19,2702929.0,27648.0,31287.0,28952.0,32628.0,29348.0,22857.0,21239.0,21104.0,22370.0,21727.0,21492.0,22686.0,23229.0,24606.0,24830.0,29363.0,2297561.0,405366.0
2016,20,2702928.0,27641.0,31292.0,28986.0,32556.0,29411.0,22951.0,21192.0,21105.0,22386.0,21715.0,21498.0,22684.0,23217.0,24580.0,24825.0,29283.0,2297607.0,405322.0
2016,21,2702927.0,27635.0,31297.0,29021.0,32483.0,29473.0,23046.0,21146.0,21107.0,22401.0,21702.0,21503.0,22681.0,23204.0,24554.0,24819.0,29202.0,2297652.0,405274.0
2016,22,2702926.0,27628.0,31302.0,29055.0,32411.0,29536.0,23140.0,21099.0,21108.0,22417.0,21690.0,21509.0,22679.0,23192.0,24528.0,24814.0,29122.0,2297698.0,405230.0
2016,23,2702925.0,27622.0,31307.0,29090.0,32338.0,29598.0,23234.0,21052.0,21109.0,22432.0,21677.0,21514.0,22677.0,23179.0,24502.0,24809.0,29042.0,2297743.0,405182.0
2016,24,2702605.0,27558.0,31281.0,29182.0,32201.0,29672.0,23363.0,20964.0,21129.0,22420.0,21676.0,21532.0,22654.0,23177.0,24465.0,24792.0,28886.0,2297654.0,404952.0
2016,25,2702285.0,27493.0,31256.0,29274.0,32064.0,29746.0,23492.0,20876.0,21149.0,22407.0,21676.0,21549.0,22630.0,23176.0,24428.0,24775.0,28730.0,2297566.0,404721.0
2016,26,2701965.0,27428.0,31230.0,29365.0,31927.0,29820.0,23620.0,20789.0,21169.0,22394.0,21676.0,21566.0,22606.0,23174.0,24390.0,24758.0,28575.0,2297477.0,404487.0
2016,27,2701645.0,27364.0,31204.0,29457.0,31790.0,29894.0,23749.0,20701.0,21189.0,22382.0,21675.0,21584.0,22583.0,23172.0,24353.0,24741.0,28419.0,2297388.0,404257.0
2016,28,2700882.0,27330.0,31184.0,29524.0,31646.0,30011.0,23866.0,20642.0,21215.0,22328.0,21689.0,21578.0,22553.0,23167.0,24300.0,24695.0,28279.0,2296874.0,404007.0
2016,29,2700118.0,27295.0,31165.0,29591.0,31501.0,30128.0,23984.0,20582.0,21241.0,22275.0,21704.0,21573.0,22522.0,23162.0,24246.0,24649.0,28140.0,2296360.0,403758.0
2016,30,2699354.0,27260.0,31146.0,29658.0,31356.0,30245.0,24102.0,20523.0,21267.0,22222.0,21718.0,21568.0,22492.0,23156.0,24192.0,24603.0,28000.0,2295847.0,403508.0
2016,31,2698591.0,27226.0,31126.0,29725.0,31212.0,30362.0,24219.0,20464.0,21293.0,22168.0,21732.0,21562.0,22462.0,23151.0,24139.0,24557.0,27860.0,2295333.0,403258.0
2016,32,2698136.0,27175.0,31098.0,29788.0,31095.0,30458.0,24300.0,20459.0,21302.0,22133.0,21739.0,21575.0,22430.0,23112.0,24076.0,24560.0,27720.0,2295116.0,403020.0
2016,33,2697681.0,27123.0,31069.0,29851.0,30979.0,30555.0,24380.0,20455.0,21311.0,22098.0,21746.0,21589.0,22398.0,23072.0,24013.0,24563.0,27580.0,2294900.0,402782.0
2016,34,2697226.0,27072.0,31041.0,29913.0,30862.0,30651.0,24461.0,20450.0,21321.0,22064.0,21752.0,21602.0,22365.0,23033.0,23951.0,24565.0,27439.0,2294683.0,402542.0
2016,35,2696771.0,27020.0,31012.0,29976.0,30746.0,30748.0,24541.0,20446.0,21330.0,22029.0,21759.0,21616.0,22333.0,22993.0,23888.0,24568.0,27299.0,2294467.0,402304.0
2016,36,2696316.0,26969.0,30984.0,30039.0,30629.0,30844.0,24622.0,20441.0,21339.0,21994.0,21766.0,21629.0,22301.0,22954.0,23825.0,24571.0,27159.0,2294250.0,402066.0
2016,37,2696317.0,26958.0,30912.0,30168.0,30394.0,31044.0,24749.0,20379.0,21374.0,21959.0,21782.0,21648.0,22234.0,22953.0,23759.0,24594.0,26983.0,2294426.0,401890.0
2016,38,2696318.0,26948.0,30840.0,30297.0,30158.0,31244.0,24876.0,20318.0,21410.0,21924.0,21798.0,21668.0,22168.0,22952.0,23692.0,24616.0,26807.0,2294602.0,401716.0
2016,39,2696318.0,26937.0,30769.0,30426.0,29923.0,31443.0,25003.0,20256.0,21446.0,21888.0,21815.0,21687.0,22102.0,22950.0,23626.0,24639.0,26631.0,2294778.0,401541.0
2016,40,2696319.0,26926.0,30697.0,30555.0,29688.0,31643.0,25130.0,20194.0,21481.0,21853.0,21831.0,21706.0,22035.0,22949.0,23560.0,24662.0,26455.0,2294954.0,401365.0
2016,41,2696186.0,26874.0,30702.0,30605.0,29562.0,31728.0,25226.0,20205.0,21459.0,21788.0,21888.0,21730.0,22015.0,22920.0,23512.0,24686.0,26306.0,2294979.0,401206.0
2016,42,2696052.0,26822.0,30707.0,30655.0,29436.0,31814.0,25323.0,20216.0,21437.0,21723.0,21945.0,21755.0,21994.0,22891.0,23463.0,24710.0,26156.0,2295004.0,401047.0
2016,43,2695919.0,26771.0,30712.0,30706.0,29311.0,31899.0,25419.0,20227.0,21416.0,21657.0,22003.0,21779.0,21974.0,22863.0,23415.0,24733.0,26007.0,2295028.0,400892.0
2016,44,2695785.0,26719.0,30717.0,30756.0,29185.0,31985.0,25516.0,20238.0,21394.0,21592.0,22060.0,21804.0,21953.0,22834.0,23366.0,24757.0,25857.0,2295053.0,400733.0
2016,45,2695652.0,26667.0,30722.0,30806.0,29059.0,32070.0,25612.0,20249.0,21372.0,21527.0,22117.0,21828.0,21933.0,22805.0,23318.0,24781.0,25708.0,2295078.0,400574.0
2016,46,2695665.0,26702.0,30668.0,30908.0,28904.0,32214.0,25709.0,20207.0,21386.0,21470.0,22152.0,21827.0,21942.0,22774.0,23294.0,24774.0,25553.0,2295181.0,400484.0
2016,47,2695678.0,26738.0,30615.0,31009.0,28750.0,32358.0,25806.0,20164.0,21400.0,21414.0,22188.0,21826.0,21951.0,22743.0,23269.0,24766.0,25398.0,2295284.0,400395.0
2016,48,2695691.0,26774.0,30562.0,31110.0,28595.0,32502.0,25904.0,20122.0,21413.0,21358.0,22223.0,21825.0,21960.0,22712.0,23244.0,24759.0,25242.0,2295386.0,400305.0
2016,49,2695704.0,26809.0,30508.0,31212.0,28440.0,32646.0,26001.0,20080.0,21427.0,21301.0,22258.0,21824.0,21969.0,22681.0,23220.0,24752.0,25087.0,2295489.0,400215.0
2016,50,2695621.0,26705.0,30458.0,31270.0,28302.0,32766.0,26050.0,20114.0,21414.0,21263.0,22283.0,21812.0,21966.0,22679.0,23154.0,24757.0,25026.0,2295602.0,400019.0
2016,51,2695538.0,26600.0,30408.0,31328.0,28165.0,32887.0,26098.0,20147.0,21402.0,21226.0,22308.0,21800.0,21962.0,22676.0,23088.0,24762.0,24964.0,2295714.0,399821.0
2016,52,2695454.0,26496.0,30357.0,31386.0,28028.0,33008.0,26147.0,20180.0,21390.0,21188.0,22333.0,21789.0,21959.0,22674.0,23022.0,24767.0,24903.0,2295827.0,399627.0
2017,1,2695371.0,26392.0,30307.0,31444.0,27890.0,33128.0,26196.0,20214.0,21377.0,21150.0,22358.0,21777.0,21956.0,22672.0,22956.0,24772.0,24842.0,2295940.0,399431.0
2017,2,2695136.0,26404.0,30262.0,31458.0,27903.0,33084.0,26223.0,20219.0,21357.0,21140.0,22376.0,21798.0,21940.0,22672.0,22916.0,24781.0,24779.0,2295825.0,399312.0
2017,3,2694901.0,26416.0,30217.0,31471.0,27917.0,33040.0,26249.0,20224.0,21337.0,21130.0,22393.0,21819.0,21924.0,22672.0,22876.0,24790.0,24716.0,2295710.0,399191.0
2017,4,2694665.0,26428.0,30172.0,31485.0,27930.0,32995.0,26276.0,20229.0,21316.0,21119.0,22411.0,21841.0,21908.0,22671.0,22837.0,24798.0,24654.0,2295595.0,399070.0
2017,5,2694430.0,26440.0,30127.0,31498.0,27944.0,32951.0,26302.0,20234.0,21296.0,21109.0,22428.0,21862.0,21892.0,22671.0,22797.0,24807.0,24591.0,2295480.0,398949.0
2017,6,2694195.0,26452.0,30082.0,31512.0,27957.0,32907.0,26329.0,20239.0,21276.0,21099.0,22446.0,21883.0,21876.0,22671.0,22757.0,24816.0,24528.0,2295365.0,398830.0
2017,7,2693974.0,26488.0,30086.0,31484.0,27996.0,32835.0,26346.0,20283.0,21258.0,21072.0,22450.0,21871.0,21913.0,22703.0,22739.0,24762.0,24513.0,2295174.0,398799.0
2017,8,2693754.0,26525.0,30090.0,31455.0,28036.0,32764.0,26362.0,20326.0,21239.0,21046.0,22454.0,21860.0,21950.0,22735.0,22722.0,24709.0,24498.0,2294984.0,398771.0
2017,9,2693534.0,26562.0,30094.0,31426.0,28075.0,32692.0,26378.0,20370.0,21220.0,21019.0,22459.0,21848.0,21988.0,22767.0,22704.0,24656.0,24483.0,2294794.0,398741.0
2017,10,2693313.0,26598.0,30098.0,31398.0,28114.0,32620.0,26395.0,20414.0,21202.0,20992.0,22463.0,21836.0,22025.0,22799.0,22686.0,24602.0,24468.0,2294603.0,398710.0
2017,11,2693014.0,26483.0,30082.0,31387.0,28138.0,32518.0,26442.0,20467.0,21181.0,20995.0,22468.0,21836.0,21990.0,22830.0,22640.0,24577.0,24454.0,2294528.0,398488.0
2017,12,2692716.0,26368.0,30066.0,31376.0,28162.0,32415.0,26489.0,20520.0,21160.0,20998.0,22473.0,21835.0,21955.0,22860.0,22594.0,24552.0,24440.0,2294454.0,398263.0
2017,13,2692417.0,26252.0,30050.0,31364.0,28185.0,32312.0,26536.0,20572.0,21139.0,21001.0,22478.0,21834.0,21920.0,22891.0,22549.0,24528.0,24425.0,2294379.0,398036.0
2017,14,2692118.0,26137.0,30034.0,31353.0,28209.0,32210.0,26583.0,20625.0,21118.0,21004.0,22483.0,21834.0,21885.0,22922.0,22503.0,24503.0,24411.0,2294304.0,397814.0
2017,15,2691792.0,26089.0,30058.0,31305.0,28237.0,32075.0,26619.0,20676.0,21073.0,21024.0,22458.0,21834.0,21866.0,22966.0,22498.0,24436.0,24394.0,2294183.0,397608.0
2017,16,2691466.0,26042.0,30082.0,31258.0,28266.0,31940.0,26654.0,20726.0,21028.0,21044.0,22434.0,21835.0,21846.0,23010.0,22492.0,24370.0,24376.0,2294062.0,397403.0
2017,17,2691139.0,25994.0,30107.0,31210.0,28294.0,31804.0,26690.0,20776.0,20984.0,21064.0,22410.0,21836.0,21827.0,23054.0,22487.0,24303.0,24359.0,2293941.0,397199.0
2017,18,2690813.0,25946.0,30131.0,31162.0,28322.0,31669.0,26726.0,20827.0,20939.0,21084.0,22385.0,21836.0,21808.0,23098.0,22482.0,24236.0,24342.0,2293820.0,396993.0
2017,19,2690619.0,25921.0,30116.0,31170.0,28361.0,31595.0,26793.0,20882.0,20897.0,21098.0,22394.0,21827.0,21807.0,23126.0,22438.0,24207.0,24330.0,2293657.0,396962.0
2017,20,2690426.0,25896.0,30101.0,31178.0,28400.0,31521.0,26860.0,20937.0,20855.0,21112.0,22403.0,21819.0,21807.0,23153.0,22394.0,24178.0,24319.0,2293495.0,396933.0
2017,21,2690232.0,25870.0,30087.0,31185.0,28439.0,31447.0,26927.0,20992.0,20812.0,21125.0,22411.0,21810.0,21806.0,23181.0,22351.0,24148.0,24307.0,2293332.0,396898.0
2017,22,2690039.0,25845.0,30072.0,31193.0,28478.0,31373.0,26994.0,21047.0,20770.0,21139.0,22420.0,21802.0,21806.0,23208.0,22307.0,24119.0,24296.0,2293170.0,396869.0
2017,23,2689845.0,25820.0,30057.0,31201.0,28517.0,31299.0,27061.0,21102.0,20728.0,21153.0,22429.0,21793.0,21805.0,23236.0,22263.0,24090.0,24284.0,2293007.0,396838.0
2017,24,2689291.0,25730.0,30027.0,31189.0,28612.0,31174.0,27134.0,21131.0,20695.0,21161.0,22406.0,21784.0,21805.0,23198.0,22256.0,24053.0,24254.0,2292682.0,396609.0
2017,25,2688737.0,25641.0,29996.0,31178.0,28706.0,31050.0,27207.0,21160.0,20662.0,21169.0,22382.0,21776.0,21806.0,23159.0,22248.0,24016.0,24223.0,2292358.0,396379.0
2017,26,2688183.0,25552.0,29966.0,31166.0,28801.0,30925.0,27280.0,21190.0,20630.0,21177.0,22359.0,21767.0,21806.0,23120.0,22240.0,23978.0,24192.0,2292034.0,396149.0
2017,27,2687629.0,25462.0,29936.0,31154.0,28896.0,30800.0,27353.0,21219.0,20597.0,21185.0,22336.0,21758.0,21806.0,23082.0,22233.0,23941.0,24162.0,2291709.0,395920.0
2017,28,2687144.0,25401.0,29907.0,31138.0,28952.0,30693.0,27465.0,21270.0,20562.0,21207.0,22302.0,21771.0,21795.0,23046.0,22239.0,23899.0,24114.0,2291382.0,395761.0
2017,29,2686658.0,25340.0,29878.0,31121.0,29009.0,30586.0,27577.0,21321.0,20528.0,21229.0,22269.0,21783.0,21784.0,23010.0,22245.0,23857.0,24065.0,2291054.0,395602.0
2017,30,2686173.0,25278.0,29850.0,31105.0,29065.0,30478.0,27690.0,21373.0,20493.0,21251.0,22235.0,21796.0,21774.0,22975.0,22252.0,23816.0,24017.0,2290727.0,395448.0
2017,31,2685687.0,25217.0,29821.0,31088.0,29122.0,30371.0,27802.0,21424.0,20459.0,21273.0,22202.0,21808.0,21763.0,22939.0,22258.0,23774.0,23968.0,2290399.0,395289.0
2017,32,2685202.0,25156.0,29792.0,31072.0,29178.0,30264.0,27914.0,21475.0,20424.0,21295.0,22168.0,21821.0,21752.0,22903.0,22264.0,23732.0,23920.0,2290072.0,395130.0
2017,33,2684625.0,25064.0,29793.0,31052.0,29262.0,30126.0,28014.0,21597.0,20376.0,21304.0,22127.0,21840.0,21778.0,22794.0,22274.0,23649.0,23923.0,2289651.0,394973.0
2017,34,2684048.0,24973.0,29794.0,31032.0,29346.0,29987.0,28114.0,21718.0,20328.0,21314.0,22086.0,21859.0,21804.0,22686.0,22283.0,23566.0,23926.0,2289230.0,394816.0
2017,35,2683470.0,24882.0,29795.0,31012.0,29430.0,29848.0,28214.0,21840.0,20281.0,21324.0,22045.0,21878.0,21830.0,22578.0,22292.0,23484.0,23929.0,2288809.0,394662.0
2017,36,2682893.0,24790.0,29796.0,30992.0,29514.0,29710.0,28314.0,21962.0,20233.0,21333.0,22004.0,21897.0,21856.0,22469.0,22302.0,23401.0,23932.0,2288388.0,394505.0
2017,37,2682970.0,24695.0,29766.0,30914.0,29655.0,29494.0,28506.0,22113.0,20138.0,21367.0,21974.0,21907.0,21889.0,22376.0,22342.0,23335.0,23967.0,2288530.0,394438.0
2017,38,2683048.0,24600.0,29736.0,30837.0,29796.0,29278.0,28698.0,22264.0,20042.0,21402.0,21944.0,21918.0,21922.0,22284.0,22382.0,23269.0,24002.0,2288673.0,394374.0
2017,39,2683125.0,24506.0,29707.0,30760.0,29937.0,29061.0,28890.0,22416.0,19946.0,21436.0,21915.0,21928.0,21954.0,22192.0,22423.0,23203.0,24037.0,2288816.0,394311.0
2017,40,2683202.0,24411.0,29677.0,30682.0,30078.0,28845.0,29082.0,22567.0,19851.0,21470.0,21885.0,21938.0,21987.0,22099.0,22463.0,23137.0,24072.0,2288958.0,394244.0
2017,41,2683226.0,24413.0,29612.0,30696.0,30126.0,28720.0,29152.0,22694.0,19830.0,21456.0,21816.0,21997.0,22017.0,22064.0,22454.0,23087.0,24098.0,2288991.0,394232.0
2017,42,2683250.0,24416.0,29547.0,30710.0,30174.0,28596.0,29223.0,22821.0,19810.0,21442.0,21748.0,22057.0,22047.0,22029.0,22445.0,23037.0,24124.0,2289025.0,394226.0
2017,43,2683273.0,24418.0,29482.0,30724.0,30222.0,28471.0,29293.0,22948.0,19789.0,21427.0,21679.0,22116.0,22077.0,21995.0,22436.0,22988.0,24149.0,2289058.0,394214.0
2017,44,2683297.0,24421.0,29417.0,30738.0,30270.0,28347.0,29364.0,23075.0,19769.0,21413.0,21611.0,22176.0,22107.0,21960.0,22427.0,22938.0,24175.0,2289092.0,394208.0
2017,45,2683321.0,24423.0,29352.0,30752.0,30318.0,28222.0,29434.0,23202.0,19748.0,21399.0,21542.0,22235.0,22137.0,21925.0,22418.0,22888.0,24201.0,2289125.0,394196.0
2017,46,2683305.0,24346.0,29334.0,30703.0,30423.0,28078.0,29553.0,23333.0,19676.0,21420.0,21484.0,22280.0,22142.0,21924.0,22395.0,22873.0,24199.0,2289142.0,394163.0
2017,47,2683289.0,24270.0,29316.0,30654.0,30528.0,27933.0,29672.0,23464.0,19604.0,21442.0,21426.0,22325.0,22148.0,21922.0,22372.0,22858.0,24197.0,2289158.0,394131.0
2017,48,2683273.0,24194.0,29299.0,30604.0,30632.0,27788.0,29791.0,23594.0,19532.0,21464.0,21368.0,22370.0,22154.0,21921.0,22348.0,22844.0,24195.0,2289175.0,394098.0
2017,49,2683257.0,24117.0,29281.0,30555.0,30737.0,27644.0,29910.0,23725.0,19460.0,21485.0,21310.0,22415.0,22159.0,21920.0,22325.0,22829.0,24193.0,2289192.0,394065.0
2017,50,2683123.0,24087.0,29251.0,30501.0,30794.0,27529.0,29987.0,23780.0,19475.0,21468.0,21274.0,22442.0,22154.0,21925.0,22332.0,22766.0,24194.0,2289163.0,393959.0
2017,51,2682989.0,24056.0,29221.0,30448.0,30852.0,27414.0,30064.0,23836.0,19490.0,21450.0,21239.0,22470.0,22148.0,21930.0,22340.0,22702.0,24196.0,2289134.0,393856.0
2017,52,2682855.0,24026.0,29191.0,30394.0,30909.0,27300.0,30140.0,23892.0,19504.0,21433.0,21204.0,22498.0,22142.0,21935.0,22348.0,22638.0,24198.0,2289104.0,393752.0
